kecamatan;ds;y;curahhujan;kelembapan ;suhu;populasi
baktiya;01/01/2021;1;134.8;87;25.8;38057
baktiya;01/02/2021;1;69.4;82;26.4;38057
baktiya;01/03/2021;8;124.5;84;26.6;38057
baktiya;01/04/2021;8;117.2;85;26.8;38057
baktiya;01/05/2021;2;100.3;84;27.4;38057
baktiya;01/06/2021;1;94.2;84;27.8;38057
baktiya;01/07/2021;1;73.0;83;27.2;38057
baktiya;01/08/2021;1;152.9;84;26.7;38057
baktiya;01/09/2021;8;42.4;85;26.7;38057
baktiya;01/10/2021;4;200.9;85;26.6;38057
baktiya;01/11/2021;2;160.8;88;25.9;38057
baktiya;01/12/2021;3;232.1;87;25.8;38057
baktiya;01/01/2022;1;129.1;85;26.2;38534
baktiya;01/02/2022;2;293.3;87;25.9;38534
baktiya;01/03/2022;6;60.1;87;26.4;38534
baktiya;01/04/2022;5;109.8;85;26.6;38534
baktiya;01/05/2022;7;63.0;84;27.1;38534
baktiya;01/06/2022;5;183.2;85;26.5;38534
baktiya;01/07/2022;3;31.3;83;27.2;38534
baktiya;01/08/2022;8;130.1;84;26.8;38534
baktiya;01/09/2022;7;55.4;84;26.7;38534
baktiya;01/10/2022;3;357.2;89;26.1;38534
baktiya;01/11/2022;6;20.1;90;25.8;38534
baktiya;01/12/2022;4;378.7;90;25.4;38534
baktiya;01/01/2023;9;171.4;86;25.9;39463
baktiya;01/02/2023;5;52.9;85;26.1;39463
baktiya;01/03/2023;5;35.0;84;26.7;39463
baktiya;01/04/2023;2;26.6;81;27.4;39463
baktiya;01/05/2023;3;165.9;84;27.8;39463
baktiya;01/06/2023;3;41.9;83;27.6;39463
baktiya;01/07/2023;10;131.6;82;27.6;39463
baktiya;01/08/2023;5;135.4;84;27.3;39463
baktiya;01/09/2023;5;173.3;84;27.1;39463
baktiya;01/10/2023;9;173.3;88;30.7;39463
baktiya;01/11/2023;5;241.4;90;26.2;39463
baktiya;01/12/2023;3;324.7;84;24.8;39463
baktiya;01/01/2024;12;33.8;86;26.7;40651
baktiya;01/02/2024;2;7.3;83;27.2;40651
baktiya;01/03/2024;3;23.7;82;27.6;40651
baktiya;01/04/2024;4;88.5;81;28.4;40651
baktiya;01/05/2024;8;154.0;85;28.4;40651
baktiya;01/06/2024;7;134.7;82;28.0;40651
baktiya;01/07/2024;4;21.5;82;27.7;40651
baktiya;01/08/2024;13;189.1;85;27.1;40651
baktiya;01/09/2024;6;133.2;84;27.3;40651
baktiya;01/10/2024;12;72.6;87;26.7;40651
baktiya;01/11/2024;5;241.4;89;26.5;40651
baktiya;01/12/2024;7;174.4;89;26.5;40651
baktiya;01/01/2025;6;139.0;88;26.0;41175
baktiya;01/02/2025;6;50.2;85;26.6;41175
baktiya;01/03/2025;6;259.0;87;27.2;41175
baktiya;01/04/2025;2;153.7;88;26.8;41175
baktiya;01/05/2025;4;92.7;87;27.7;41175
baktiya;01/06/2025;6;66.9;84;27.9;41175
baktiya;01/07/2025;2;33.3;80;28.0;41175
baktiya;01/08/2025;3;51.6;84;27.1;41175
baktiya;01/09/2025;3;54.5;84;27.5;41175
baktiya;01/10/2025;5;243.1;88;26.5;41175
baktiya;01/11/2025;3;1099.2;92;25.7;41175
baktiya;01/12/2025;5;165.5;89;26.0;41175
baktiya barat;01/01/2021;1;134.8;87;25.8;19117
baktiya barat;01/02/2021;1;69.4;82;26.4;19117
baktiya barat;01/03/2021;8;124.5;84;26.6;19117
baktiya barat;01/04/2021;8;117.2;85;26.8;19117
baktiya barat;01/05/2021;2;100.3;84;27.4;19117
baktiya barat;01/06/2021;1;94.2;84;27.8;19117
baktiya barat;01/07/2021;1;73.0;83;27.2;19117
baktiya barat;01/08/2021;1;152.9;84;26.7;19117
baktiya barat;01/09/2021;8;42.4;85;26.7;19117
baktiya barat;01/10/2021;4;200.9;85;26.6;19117
baktiya barat;01/11/2021;2;160.8;88;25.9;19117
baktiya barat;01/12/2021;3;232.1;87;25.8;19117
baktiya barat;01/01/2022;2;129.1;85;26.2;19292
baktiya barat;01/02/2022;3;293.3;87;25.9;19292
baktiya barat;01/03/2022;4;60.1;87;26.4;19292
baktiya barat;01/04/2022;1;109.8;85;26.6;19292
baktiya barat;01/05/2022;2;63.0;84;27.1;19292
baktiya barat;01/06/2022;5;183.2;85;26.5;19292
baktiya barat;01/07/2022;2;31.3;83;27.2;19292
baktiya barat;01/08/2022;1;130.1;84;26.8;19292
baktiya barat;01/09/2022;2;55.4;84;26.7;19292
baktiya barat;01/10/2022;1;357.2;89;26.1;19292
baktiya barat;01/11/2022;2;20.1;90;25.8;19292
baktiya barat;01/12/2022;4;378.7;90;25.4;19292
baktiya barat;01/01/2023;2;171.4;86;25.9;19881
baktiya barat;01/02/2023;2;52.9;85;26.1;19881
baktiya barat;01/03/2023;4;35.0;84;26.7;19881
baktiya barat;01/04/2023;1;26.6;81;27.4;19881
baktiya barat;01/05/2023;2;165.9;84;27.8;19881
baktiya barat;01/06/2023;4;41.9;83;27.6;19881
baktiya barat;01/07/2023;3;131.6;82;27.6;19881
baktiya barat;01/08/2023;0;135.4;84;27.3;19881
baktiya barat;01/09/2023;1;173.3;84;27.1;19881
baktiya barat;01/10/2023;1;173.3;88;30.7;19881
baktiya barat;01/11/2023;1;241.4;90;26.2;19881
baktiya barat;01/12/2023;5;324.7;84;24.8;19881
baktiya barat;01/01/2024;1;33.8;86;26.7;20261
baktiya barat;01/02/2024;1;7.3;83;27.2;20261
baktiya barat;01/03/2024;4;23.7;82;27.6;20261
baktiya barat;01/04/2024;2;88.5;81;28.4;20261
baktiya barat;01/05/2024;0;154.0;85;28.4;20261
baktiya barat;01/06/2024;4;134.7;82;28.0;20261
baktiya barat;01/07/2024;1;21.5;82;27.7;20261
baktiya barat;01/08/2024;3;189.1;85;27.1;20261
baktiya barat;01/09/2024;5;133.2;84;27.3;20261
baktiya barat;01/10/2024;5;72.6;87;26.7;20261
baktiya barat;01/11/2024;4;241.4;89;26.5;20261
baktiya barat;01/12/2024;3;174.4;89;26.5;20261
baktiya barat;01/01/2025;2;139.0;88;26.0;20536
baktiya barat;01/02/2025;4;50.2;85;26.6;20536
baktiya barat;01/03/2025;1;259.0;87;27.2;20536
baktiya barat;01/04/2025;2;153.7;88;26.8;20536
baktiya barat;01/05/2025;0;92.7;87;27.7;20536
baktiya barat;01/06/2025;2;66.9;84;27.9;20536
baktiya barat;01/07/2025;2;33.3;80;28.0;20536
baktiya barat;01/08/2025;0;51.6;84;27.1;20536
baktiya barat;01/09/2025;2;54.5;84;27.5;20536
baktiya barat;01/10/2025;2;243.1;88;26.5;20536
baktiya barat;01/11/2025;2;1099.2;92;25.7;20536
baktiya barat;01/12/2025;1;165.5;89;26.0;20536
banda baro;01/01/2021;0;134.8;87;25.8;7951
banda baro;01/02/2021;0;69.4;82;26.4;7951
banda baro;01/03/2021;2;124.5;84;26.6;7951
banda baro;01/04/2021;2;117.2;85;26.8;7951
banda baro;01/05/2021;4;100.3;84;27.4;7951
banda baro;01/06/2021;3;94.2;84;27.8;7951
banda baro;01/07/2021;1;73.0;83;27.2;7951
banda baro;01/08/2021;0;152.9;84;26.7;7951
banda baro;01/09/2021;3;42.4;85;26.7;7951
banda baro;01/10/2021;1;200.9;85;26.6;7951
banda baro;01/11/2021;2;160.8;88;25.9;7951
banda baro;01/12/2021;2;232.1;87;25.8;7951
banda baro;01/01/2022;2;129.1;85;26.2;7991
banda baro;01/02/2022;2;293.3;87;25.9;7991
banda baro;01/03/2022;2;60.1;87;26.4;7991
banda baro;01/04/2022;2;109.8;85;26.6;7991
banda baro;01/05/2022;3;63.0;84;27.1;7991
banda baro;01/06/2022;0;183.2;85;26.5;7991
banda baro;01/07/2022;0;31.3;83;27.2;7991
banda baro;01/08/2022;0;130.1;84;26.8;7991
banda baro;01/09/2022;0;55.4;84;26.7;7991
banda baro;01/10/2022;1;357.2;89;26.1;7991
banda baro;01/11/2022;2;20.1;90;25.8;7991
banda baro;01/12/2022;1;378.7;90;25.4;7991
banda baro;01/01/2023;1;171.4;86;25.9;8410
banda baro;01/02/2023;2;52.9;85;26.1;8410
banda baro;01/03/2023;0;35.0;84;26.7;8410
banda baro;01/04/2023;1;26.6;81;27.4;8410
banda baro;01/05/2023;0;165.9;84;27.8;8410
banda baro;01/06/2023;0;41.9;83;27.6;8410
banda baro;01/07/2023;1;131.6;82;27.6;8410
banda baro;01/08/2023;0;135.4;84;27.3;8410
banda baro;01/09/2023;1;173.3;84;27.1;8410
banda baro;01/10/2023;0;173.3;88;30.7;8410
banda baro;01/11/2023;0;241.4;90;26.2;8410
banda baro;01/12/2023;0;324.7;84;24.8;8410
banda baro;01/01/2024;0;33.8;86;26.7;8552
banda baro;01/02/2024;0;7.3;83;27.2;8552
banda baro;01/03/2024;1;23.7;82;27.6;8552
banda baro;01/04/2024;1;88.5;81;28.4;8552
banda baro;01/05/2024;2;154.0;85;28.4;8552
banda baro;01/06/2024;3;134.7;82;28.0;8552
banda baro;01/07/2024;0;21.5;82;27.7;8552
banda baro;01/08/2024;0;189.1;85;27.1;8552
banda baro;01/09/2024;1;133.2;84;27.3;8552
banda baro;01/10/2024;0;72.6;87;26.7;8552
banda baro;01/11/2024;1;241.4;89;26.5;8552
banda baro;01/12/2024;0;174.4;89;26.5;8552
banda baro;01/01/2025;0;139.0;88;26.0;8613
banda baro;01/02/2025;1;50.2;85;26.6;8613
banda baro;01/03/2025;0;259.0;87;27.2;8613
banda baro;01/04/2025;0;153.7;88;26.8;8613
banda baro;01/05/2025;0;92.7;87;27.7;8613
banda baro;01/06/2025;0;66.9;84;27.9;8613
banda baro;01/07/2025;1;33.3;80;28.0;8613
banda baro;01/08/2025;0;51.6;84;27.1;8613
banda baro;01/09/2025;0;54.5;84;27.5;8613
banda baro;01/10/2025;0;243.1;88;26.5;8613
banda baro;01/11/2025;0;1099.2;92;25.7;8613
banda baro;01/12/2025;0;165.5;89;26.0;8613
cot girek;01/01/2021;0;134.8;87;25.8;20428
cot girek;01/02/2021;0;69.4;82;26.4;20428
cot girek;01/03/2021;2;124.5;84;26.6;20428
cot girek;01/04/2021;2;117.2;85;26.8;20428
cot girek;01/05/2021;4;100.3;84;27.4;20428
cot girek;01/06/2021;3;94.2;84;27.8;20428
cot girek;01/07/2021;1;73.0;83;27.2;20428
cot girek;01/08/2021;0;152.9;84;26.7;20428
cot girek;01/09/2021;3;42.4;85;26.7;20428
cot girek;01/10/2021;1;200.9;85;26.6;20428
cot girek;01/11/2021;2;160.8;88;25.9;20428
cot girek;01/12/2021;2;232.1;87;25.8;20428
cot girek;01/01/2022;2;129.1;85;26.2;20591
cot girek;01/02/2022;1;293.3;87;25.9;20591
cot girek;01/03/2022;1;60.1;87;26.4;20591
cot girek;01/04/2022;1;109.8;85;26.6;20591
cot girek;01/05/2022;1;63.0;84;27.1;20591
cot girek;01/06/2022;3;183.2;85;26.5;20591
cot girek;01/07/2022;2;31.3;83;27.2;20591
cot girek;01/08/2022;1;130.1;84;26.8;20591
cot girek;01/09/2022;3;55.4;84;26.7;20591
cot girek;01/10/2022;1;357.2;89;26.1;20591
cot girek;01/11/2022;2;20.1;90;25.8;20591
cot girek;01/12/2022;3;378.7;90;25.4;20591
cot girek;01/01/2023;2;171.4;86;25.9;20537
cot girek;01/02/2023;2;52.9;85;26.1;20537
cot girek;01/03/2023;4;35.0;84;26.7;20537
cot girek;01/04/2023;1;26.6;81;27.4;20537
cot girek;01/05/2023;2;165.9;84;27.8;20537
cot girek;01/06/2023;4;41.9;83;27.6;20537
cot girek;01/07/2023;3;131.6;82;27.6;20537
cot girek;01/08/2023;0;135.4;84;27.3;20537
cot girek;01/09/2023;1;173.3;84;27.1;20537
cot girek;01/10/2023;1;173.3;88;30.7;20537
cot girek;01/11/2023;1;241.4;90;26.2;20537
cot girek;01/12/2023;5;324.7;84;24.8;20537
cot girek;01/01/2024;1;33.8;86;26.7;21086
cot girek;01/02/2024;1;7.3;83;27.2;21086
cot girek;01/03/2024;1;23.7;82;27.6;21086
cot girek;01/04/2024;1;88.5;81;28.4;21086
cot girek;01/05/2024;3;154.0;85;28.4;21086
cot girek;01/06/2024;4;134.7;82;28.0;21086
cot girek;01/07/2024;1;21.5;82;27.7;21086
cot girek;01/08/2024;4;189.1;85;27.1;21086
cot girek;01/09/2024;1;133.2;84;27.3;21086
cot girek;01/10/2024;0;72.6;87;26.7;21086
cot girek;01/11/2024;5;241.4;89;26.5;21086
cot girek;01/12/2024;1;174.4;89;26.5;21086
cot girek;01/01/2025;1;139.0;88;26.0;21339
cot girek;01/02/2025;3;50.2;85;26.6;21339
cot girek;01/03/2025;2;259.0;87;27.2;21339
cot girek;01/04/2025;2;153.7;88;26.8;21339
cot girek;01/05/2025;4;92.7;87;27.7;21339
cot girek;01/06/2025;3;66.9;84;27.9;21339
cot girek;01/07/2025;0;33.3;80;28.0;21339
cot girek;01/08/2025;1;51.6;84;27.1;21339
cot girek;01/09/2025;5;54.5;84;27.5;21339
cot girek;01/10/2025;2;243.1;88;26.5;21339
cot girek;01/11/2025;0;1099.2;92;25.7;21339
cot girek;01/12/2025;1;165.5;89;26.0;21339
dewantara;01/01/2021;5;134.8;87;25.8;45951
dewantara;01/02/2021;2;69.4;82;26.4;45951
dewantara;01/03/2021;3;124.5;84;26.6;45951
dewantara;01/04/2021;3;117.2;85;26.8;45951
dewantara;01/05/2021;1;100.3;84;27.4;45951
dewantara;01/06/2021;1;94.2;84;27.8;45951
dewantara;01/07/2021;2;73.0;83;27.2;45951
dewantara;01/08/2021;1;152.9;84;26.7;45951
dewantara;01/09/2021;2;42.4;85;26.7;45951
dewantara;01/10/2021;1;200.9;85;26.6;45951
dewantara;01/11/2021;1;160.8;88;25.9;45951
dewantara;01/12/2021;2;232.1;87;25.8;45951
dewantara;01/01/2022;7;129.1;85;26.2;46107
dewantara;01/02/2022;5;293.3;87;25.9;46107
dewantara;01/03/2022;2;60.1;87;26.4;46107
dewantara;01/04/2022;1;109.8;85;26.6;46107
dewantara;01/05/2022;3;63.0;84;27.1;46107
dewantara;01/06/2022;2;183.2;85;26.5;46107
dewantara;01/07/2022;4;31.3;83;27.2;46107
dewantara;01/08/2022;4;130.1;84;26.8;46107
dewantara;01/09/2022;0;55.4;84;26.7;46107
dewantara;01/10/2022;2;357.2;89;26.1;46107
dewantara;01/11/2022;3;20.1;90;25.8;46107
dewantara;01/12/2022;2;378.7;90;25.4;46107
dewantara;01/01/2023;5;171.4;86;25.9;46873
dewantara;01/02/2023;1;52.9;85;26.1;46873
dewantara;01/03/2023;1;35.0;84;26.7;46873
dewantara;01/04/2023;1;26.6;81;27.4;46873
dewantara;01/05/2023;2;165.9;84;27.8;46873
dewantara;01/06/2023;2;41.9;83;27.6;46873
dewantara;01/07/2023;2;131.6;82;27.6;46873
dewantara;01/08/2023;3;135.4;84;27.3;46873
dewantara;01/09/2023;6;173.3;84;27.1;46873
dewantara;01/10/2023;4;173.3;88;30.7;46873
dewantara;01/11/2023;4;241.4;90;26.2;46873
dewantara;01/12/2023;6;324.7;84;24.8;46873
dewantara;01/01/2024;5;33.8;86;26.7;47999
dewantara;01/02/2024;2;7.3;83;27.2;47999
dewantara;01/03/2024;2;23.7;82;27.6;47999
dewantara;01/04/2024;2;88.5;81;28.4;47999
dewantara;01/05/2024;3;154.0;85;28.4;47999
dewantara;01/06/2024;0;134.7;82;28.0;47999
dewantara;01/07/2024;5;21.5;82;27.7;47999
dewantara;01/08/2024;5;189.1;85;27.1;47999
dewantara;01/09/2024;4;133.2;84;27.3;47999
dewantara;01/10/2024;3;72.6;87;26.7;47999
dewantara;01/11/2024;6;241.4;89;26.5;47999
dewantara;01/12/2024;5;174.4;89;26.5;47999
dewantara;01/01/2025;3;139.0;88;26.0;48280
dewantara;01/02/2025;3;50.2;85;26.6;48280
dewantara;01/03/2025;4;259.0;87;27.2;48280
dewantara;01/04/2025;6;153.7;88;26.8;48280
dewantara;01/05/2025;4;92.7;87;27.7;48280
dewantara;01/06/2025;4;66.9;84;27.9;48280
dewantara;01/07/2025;8;33.3;80;28.0;48280
dewantara;01/08/2025;8;51.6;84;27.1;48280
dewantara;01/09/2025;4;54.5;84;27.5;48280
dewantara;01/10/2025;3;243.1;88;26.5;48280
dewantara;01/11/2025;1;1099.2;92;25.7;48280
dewantara;01/12/2025;2;165.5;89;26.0;48280
geureudong pase;01/01/2021;0;134.8;87;25.8;5631
geureudong pase;01/02/2021;0;69.4;82;26.4;5631
geureudong pase;01/03/2021;1;124.5;84;26.6;5631
geureudong pase;01/04/2021;0;117.2;85;26.8;5631
geureudong pase;01/05/2021;1;100.3;84;27.4;5631
geureudong pase;01/06/2021;1;94.2;84;27.8;5631
geureudong pase;01/07/2021;1;73.0;83;27.2;5631
geureudong pase;01/08/2021;0;152.9;84;26.7;5631
geureudong pase;01/09/2021;0;42.4;85;26.7;5631
geureudong pase;01/10/2021;0;200.9;85;26.6;5631
geureudong pase;01/11/2021;0;160.8;88;25.9;5631
geureudong pase;01/12/2021;1;232.1;87;25.8;5631
geureudong pase;01/01/2022;1;129.1;85;26.2;5740
geureudong pase;01/02/2022;1;293.3;87;25.9;5740
geureudong pase;01/03/2022;1;60.1;87;26.4;5740
geureudong pase;01/04/2022;0;109.8;85;26.6;5740
geureudong pase;01/05/2022;1;63.0;84;27.1;5740
geureudong pase;01/06/2022;0;183.2;85;26.5;5740
geureudong pase;01/07/2022;0;31.3;83;27.2;5740
geureudong pase;01/08/2022;0;130.1;84;26.8;5740
geureudong pase;01/09/2022;0;55.4;84;26.7;5740
geureudong pase;01/10/2022;1;357.2;89;26.1;5740
geureudong pase;01/11/2022;0;20.1;90;25.8;5740
geureudong pase;01/12/2022;0;378.7;90;25.4;5740
geureudong pase;01/01/2023;2;171.4;86;25.9;5924
geureudong pase;01/02/2023;0;52.9;85;26.1;5924
geureudong pase;01/03/2023;0;35.0;84;26.7;5924
geureudong pase;01/04/2023;1;26.6;81;27.4;5924
geureudong pase;01/05/2023;0;165.9;84;27.8;5924
geureudong pase;01/06/2023;2;41.9;83;27.6;5924
geureudong pase;01/07/2023;1;131.6;82;27.6;5924
geureudong pase;01/08/2023;1;135.4;84;27.3;5924
geureudong pase;01/09/2023;0;173.3;84;27.1;5924
geureudong pase;01/10/2023;1;173.3;88;30.7;5924
geureudong pase;01/11/2023;3;241.4;90;26.2;5924
geureudong pase;01/12/2023;2;324.7;84;24.8;5924
geureudong pase;01/01/2024;0;33.8;86;26.7;6160
geureudong pase;01/02/2024;0;7.3;83;27.2;6160
geureudong pase;01/03/2024;1;23.7;82;27.6;6160
geureudong pase;01/04/2024;0;88.5;81;28.4;6160
geureudong pase;01/05/2024;0;154.0;85;28.4;6160
geureudong pase;01/06/2024;0;134.7;82;28.0;6160
geureudong pase;01/07/2024;0;21.5;82;27.7;6160
geureudong pase;01/08/2024;0;189.1;85;27.1;6160
geureudong pase;01/09/2024;2;133.2;84;27.3;6160
geureudong pase;01/10/2024;2;72.6;87;26.7;6160
geureudong pase;01/11/2024;0;241.4;89;26.5;6160
geureudong pase;01/12/2024;0;174.4;89;26.5;6160
geureudong pase;01/01/2025;0;139.0;88;26.0;6243
geureudong pase;01/02/2025;0;50.2;85;26.6;6243
geureudong pase;01/03/2025;2;259.0;87;27.2;6243
geureudong pase;01/04/2025;1;153.7;88;26.8;6243
geureudong pase;01/05/2025;1;92.7;87;27.7;6243
geureudong pase;01/06/2025;1;66.9;84;27.9;6243
geureudong pase;01/07/2025;1;33.3;80;28.0;6243
geureudong pase;01/08/2025;0;51.6;84;27.1;6243
geureudong pase;01/09/2025;0;54.5;84;27.5;6243
geureudong pase;01/10/2025;0;243.1;88;26.5;6243
geureudong pase;01/11/2025;2;1099.2;92;25.7;6243
geureudong pase;01/12/2025;1;165.5;89;26.0;6243
kuta makmur;01/01/2021;4;134.8;87;25.8;26742
kuta makmur;01/02/2021;1;69.4;82;26.4;26742
kuta makmur;01/03/2021;0;124.5;84;26.6;26742
kuta makmur;01/04/2021;0;117.2;85;26.8;26742
kuta makmur;01/05/2021;2;100.3;84;27.4;26742
kuta makmur;01/06/2021;2;94.2;84;27.8;26742
kuta makmur;01/07/2021;0;73.0;83;27.2;26742
kuta makmur;01/08/2021;0;152.9;84;26.7;26742
kuta makmur;01/09/2021;1;42.4;85;26.7;26742
kuta makmur;01/10/2021;4;200.9;85;26.6;26742
kuta makmur;01/11/2021;1;160.8;88;25.9;26742
kuta makmur;01/12/2021;3;232.1;87;25.8;26742
kuta makmur;01/01/2022;2;129.1;85;26.2;27161
kuta makmur;01/02/2022;3;293.3;87;25.9;27161
kuta makmur;01/03/2022;2;60.1;87;26.4;27161
kuta makmur;01/04/2022;2;109.8;85;26.6;27161
kuta makmur;01/05/2022;1;63.0;84;27.1;27161
kuta makmur;01/06/2022;1;183.2;85;26.5;27161
kuta makmur;01/07/2022;6;31.3;83;27.2;27161
kuta makmur;01/08/2022;1;130.1;84;26.8;27161
kuta makmur;01/09/2022;4;55.4;84;26.7;27161
kuta makmur;01/10/2022;4;357.2;89;26.1;27161
kuta makmur;01/11/2022;0;20.1;90;25.8;27161
kuta makmur;01/12/2022;3;378.7;90;25.4;27161
kuta makmur;01/01/2023;0;171.4;86;25.9;28307
kuta makmur;01/02/2023;0;52.9;85;26.1;28307
kuta makmur;01/03/2023;1;35.0;84;26.7;28307
kuta makmur;01/04/2023;0;26.6;81;27.4;28307
kuta makmur;01/05/2023;6;165.9;84;27.8;28307
kuta makmur;01/06/2023;2;41.9;83;27.6;28307
kuta makmur;01/07/2023;3;131.6;82;27.6;28307
kuta makmur;01/08/2023;5;135.4;84;27.3;28307
kuta makmur;01/09/2023;4;173.3;84;27.1;28307
kuta makmur;01/10/2023;1;173.3;88;30.7;28307
kuta makmur;01/11/2023;1;241.4;90;26.2;28307
kuta makmur;01/12/2023;2;324.7;84;24.8;28307
kuta makmur;01/01/2024;6;33.8;86;26.7;29428
kuta makmur;01/02/2024;5;7.3;83;27.2;29428
kuta makmur;01/03/2024;2;23.7;82;27.6;29428
kuta makmur;01/04/2024;0;88.5;81;28.4;29428
kuta makmur;01/05/2024;0;154.0;85;28.4;29428
kuta makmur;01/06/2024;4;134.7;82;28.0;29428
kuta makmur;01/07/2024;1;21.5;82;27.7;29428
kuta makmur;01/08/2024;1;189.1;85;27.1;29428
kuta makmur;01/09/2024;4;133.2;84;27.3;29428
kuta makmur;01/10/2024;4;72.6;87;26.7;29428
kuta makmur;01/11/2024;2;241.4;89;26.5;29428
kuta makmur;01/12/2024;2;174.4;89;26.5;29428
kuta makmur;01/01/2025;2;139.0;88;26.0;29712
kuta makmur;01/02/2025;4;50.2;85;26.6;29712
kuta makmur;01/03/2025;6;259.0;87;27.2;29712
kuta makmur;01/04/2025;3;153.7;88;26.8;29712
kuta makmur;01/05/2025;3;92.7;87;27.7;29712
kuta makmur;01/06/2025;7;66.9;84;27.9;29712
kuta makmur;01/07/2025;3;33.3;80;28.0;29712
kuta makmur;01/08/2025;3;51.6;84;27.1;29712
kuta makmur;01/09/2025;5;54.5;84;27.5;29712
kuta makmur;01/10/2025;4;243.1;88;26.5;29712
kuta makmur;01/11/2025;3;1099.2;92;25.7;29712
kuta makmur;01/12/2025;1;165.5;89;26.0;29712
langkahan;01/01/2021;1;134.8;87;25.8;22591
langkahan;01/02/2021;3;69.4;82;26.4;22591
langkahan;01/03/2021;1;124.5;84;26.6;22591
langkahan;01/04/2021;2;117.2;85;26.8;22591
langkahan;01/05/2021;1;100.3;84;27.4;22591
langkahan;01/06/2021;0;94.2;84;27.8;22591
langkahan;01/07/2021;0;73.0;83;27.2;22591
langkahan;01/08/2021;4;152.9;84;26.7;22591
langkahan;01/09/2021;0;42.4;85;26.7;22591
langkahan;01/10/2021;6;200.9;85;26.6;22591
langkahan;01/11/2021;2;160.8;88;25.9;22591
langkahan;01/12/2021;5;232.1;87;25.8;22591
langkahan;01/01/2022;5;129.1;85;26.2;22708
langkahan;01/02/2022;9;293.3;87;25.9;22708
langkahan;01/03/2022;0;60.1;87;26.4;22708
langkahan;01/04/2022;2;109.8;85;26.6;22708
langkahan;01/05/2022;0;63.0;84;27.1;22708
langkahan;01/06/2022;0;183.2;85;26.5;22708
langkahan;01/07/2022;1;31.3;83;27.2;22708
langkahan;01/08/2022;3;130.1;84;26.8;22708
langkahan;01/09/2022;1;55.4;84;26.7;22708
langkahan;01/10/2022;1;357.2;89;26.1;22708
langkahan;01/11/2022;2;20.1;90;25.8;22708
langkahan;01/12/2022;1;378.7;90;25.4;22708
langkahan;01/01/2023;1;171.4;86;25.9;23192
langkahan;01/02/2023;3;52.9;85;26.1;23192
langkahan;01/03/2023;1;35.0;84;26.7;23192
langkahan;01/04/2023;0;26.6;81;27.4;23192
langkahan;01/05/2023;0;165.9;84;27.8;23192
langkahan;01/06/2023;4;41.9;83;27.6;23192
langkahan;01/07/2023;3;131.6;82;27.6;23192
langkahan;01/08/2023;1;135.4;84;27.3;23192
langkahan;01/09/2023;2;173.3;84;27.1;23192
langkahan;01/10/2023;1;173.3;88;30.7;23192
langkahan;01/11/2023;2;241.4;90;26.2;23192
langkahan;01/12/2023;2;324.7;84;24.8;23192
langkahan;01/01/2024;1;33.8;86;26.7;23883
langkahan;01/02/2024;0;7.3;83;27.2;23883
langkahan;01/03/2024;0;23.7;82;27.6;23883
langkahan;01/04/2024;2;88.5;81;28.4;23883
langkahan;01/05/2024;3;154.0;85;28.4;23883
langkahan;01/06/2024;1;134.7;82;28.0;23883
langkahan;01/07/2024;4;21.5;82;27.7;23883
langkahan;01/08/2024;3;189.1;85;27.1;23883
langkahan;01/09/2024;0;133.2;84;27.3;23883
langkahan;01/10/2024;4;72.6;87;26.7;23883
langkahan;01/11/2024;2;241.4;89;26.5;23883
langkahan;01/12/2024;3;174.4;89;26.5;23883
langkahan;01/01/2025;3;139.0;88;26.0;24140
langkahan;01/02/2025;1;50.2;85;26.6;24140
langkahan;01/03/2025;2;259.0;87;27.2;24140
langkahan;01/04/2025;2;153.7;88;26.8;24140
langkahan;01/05/2025;0;92.7;87;27.7;24140
langkahan;01/06/2025;4;66.9;84;27.9;24140
langkahan;01/07/2025;4;33.3;80;28.0;24140
langkahan;01/08/2025;2;51.6;84;27.1;24140
langkahan;01/09/2025;6;54.5;84;27.5;24140
langkahan;01/10/2025;2;243.1;88;26.5;24140
langkahan;01/11/2025;3;1099.2;92;25.7;24140
langkahan;01/12/2025;2;165.5;89;26.0;24140
lapang;01/01/2021;0;134.8;87;25.8;8864
lapang;01/02/2021;1;69.4;82;26.4;8864
lapang;01/03/2021;0;124.5;84;26.6;8864
lapang;01/04/2021;0;117.2;85;26.8;8864
lapang;01/05/2021;1;100.3;84;27.4;8864
lapang;01/06/2021;1;94.2;84;27.8;8864
lapang;01/07/2021;0;73.0;83;27.2;8864
lapang;01/08/2021;0;152.9;84;26.7;8864
lapang;01/09/2021;0;42.4;85;26.7;8864
lapang;01/10/2021;1;200.9;85;26.6;8864
lapang;01/11/2021;0;160.8;88;25.9;8864
lapang;01/12/2021;0;232.1;87;25.8;8864
lapang;01/01/2022;0;129.1;85;26.2;8940
lapang;01/02/2022;0;293.3;87;25.9;8940
lapang;01/03/2022;1;60.1;87;26.4;8940
lapang;01/04/2022;0;109.8;85;26.6;8940
lapang;01/05/2022;1;63.0;84;27.1;8940
lapang;01/06/2022;2;183.2;85;26.5;8940
lapang;01/07/2022;2;31.3;83;27.2;8940
lapang;01/08/2022;4;130.1;84;26.8;8940
lapang;01/09/2022;0;55.4;84;26.7;8940
lapang;01/10/2022;3;357.2;89;26.1;8940
lapang;01/11/2022;1;20.1;90;25.8;8940
lapang;01/12/2022;1;378.7;90;25.4;8940
lapang;01/01/2023;2;171.4;86;25.9;8862
lapang;01/02/2023;2;52.9;85;26.1;8862
lapang;01/03/2023;2;35.0;84;26.7;8862
lapang;01/04/2023;0;26.6;81;27.4;8862
lapang;01/05/2023;0;165.9;84;27.8;8862
lapang;01/06/2023;1;41.9;83;27.6;8862
lapang;01/07/2023;3;131.6;82;27.6;8862
lapang;01/08/2023;1;135.4;84;27.3;8862
lapang;01/09/2023;1;173.3;84;27.1;8862
lapang;01/10/2023;2;173.3;88;30.7;8862
lapang;01/11/2023;2;241.4;90;26.2;8862
lapang;01/12/2023;0;324.7;84;24.8;8862
lapang;01/01/2024;3;33.8;86;26.7;9099
lapang;01/02/2024;1;7.3;83;27.2;9099
lapang;01/03/2024;0;23.7;82;27.6;9099
lapang;01/04/2024;1;88.5;81;28.4;9099
lapang;01/05/2024;1;154.0;85;28.4;9099
lapang;01/06/2024;2;134.7;82;28.0;9099
lapang;01/07/2024;2;21.5;82;27.7;9099
lapang;01/08/2024;1;189.1;85;27.1;9099
lapang;01/09/2024;0;133.2;84;27.3;9099
lapang;01/10/2024;1;72.6;87;26.7;9099
lapang;01/11/2024;3;241.4;89;26.5;9099
lapang;01/12/2024;0;174.4;89;26.5;9099
lapang;01/01/2025;1;139.0;88;26.0;9168
lapang;01/02/2025;2;50.2;85;26.6;9168
lapang;01/03/2025;1;259.0;87;27.2;9168
lapang;01/04/2025;1;153.7;88;26.8;9168
lapang;01/05/2025;1;92.7;87;27.7;9168
lapang;01/06/2025;2;66.9;84;27.9;9168
lapang;01/07/2025;1;33.3;80;28.0;9168
lapang;01/08/2025;0;51.6;84;27.1;9168
lapang;01/09/2025;3;54.5;84;27.5;9168
lapang;01/10/2025;0;243.1;88;26.5;9168
lapang;01/11/2025;0;1099.2;92;25.7;9168
lapang;01/12/2025;1;165.5;89;26.0;9168
lhoksukun;01/01/2021;13;134.8;87;25.8;50134
lhoksukun;01/02/2021;7;69.4;82;26.4;50134
lhoksukun;01/03/2021;8;124.5;84;26.6;50134
lhoksukun;01/04/2021;7;117.2;85;26.8;50134
lhoksukun;01/05/2021;3;100.3;84;27.4;50134
lhoksukun;01/06/2021;7;94.2;84;27.8;50134
lhoksukun;01/07/2021;4;73.0;83;27.2;50134
lhoksukun;01/08/2021;5;152.9;84;26.7;50134
lhoksukun;01/09/2021;5;42.4;85;26.7;50134
lhoksukun;01/10/2021;5;200.9;85;26.6;50134
lhoksukun;01/11/2021;4;160.8;88;25.9;50134
lhoksukun;01/12/2021;5;232.1;87;25.8;50134
lhoksukun;01/01/2022;10;129.1;85;26.2;50638
lhoksukun;01/02/2022;7;293.3;87;25.9;50638
lhoksukun;01/03/2022;7;60.1;87;26.4;50638
lhoksukun;01/04/2022;9;109.8;85;26.6;50638
lhoksukun;01/05/2022;6;63.0;84;27.1;50638
lhoksukun;01/06/2022;6;183.2;85;26.5;50638
lhoksukun;01/07/2022;8;31.3;83;27.2;50638
lhoksukun;01/08/2022;8;130.1;84;26.8;50638
lhoksukun;01/09/2022;8;55.4;84;26.7;50638
lhoksukun;01/10/2022;5;357.2;89;26.1;50638
lhoksukun;01/11/2022;8;20.1;90;25.8;50638
lhoksukun;01/12/2022;6;378.7;90;25.4;50638
lhoksukun;01/01/2023;7;171.4;86;25.9;51421
lhoksukun;01/02/2023;14;52.9;85;26.1;51421
lhoksukun;01/03/2023;3;35.0;84;26.7;51421
lhoksukun;01/04/2023;5;26.6;81;27.4;51421
lhoksukun;01/05/2023;7;165.9;84;27.8;51421
lhoksukun;01/06/2023;3;41.9;83;27.6;51421
lhoksukun;01/07/2023;4;131.6;82;27.6;51421
lhoksukun;01/08/2023;8;135.4;84;27.3;51421
lhoksukun;01/09/2023;9;173.3;84;27.1;51421
lhoksukun;01/10/2023;6;173.3;88;30.7;51421
lhoksukun;01/11/2023;6;241.4;90;26.2;51421
lhoksukun;01/12/2023;7;324.7;84;24.8;51421
lhoksukun;01/01/2024;4;33.8;86;26.7;52406
lhoksukun;01/02/2024;6;7.3;83;27.2;52406
lhoksukun;01/03/2024;2;23.7;82;27.6;52406
lhoksukun;01/04/2024;10;88.5;81;28.4;52406
lhoksukun;01/05/2024;8;154.0;85;28.4;52406
lhoksukun;01/06/2024;6;134.7;82;28.0;52406
lhoksukun;01/07/2024;4;21.5;82;27.7;52406
lhoksukun;01/08/2024;6;189.1;85;27.1;52406
lhoksukun;01/09/2024;6;133.2;84;27.3;52406
lhoksukun;01/10/2024;5;72.6;87;26.7;52406
lhoksukun;01/11/2024;5;241.4;89;26.5;52406
lhoksukun;01/12/2024;7;174.4;89;26.5;52406
lhoksukun;01/01/2025;7;139.0;88;26.0;52992
lhoksukun;01/02/2025;6;50.2;85;26.6;52992
lhoksukun;01/03/2025;6;259.0;87;27.2;52992
lhoksukun;01/04/2025;4;153.7;88;26.8;52992
lhoksukun;01/05/2025;6;92.7;87;27.7;52992
lhoksukun;01/06/2025;9;66.9;84;27.9;52992
lhoksukun;01/07/2025;9;33.3;80;28.0;52992
lhoksukun;01/08/2025;7;51.6;84;27.1;52992
lhoksukun;01/09/2025;7;54.5;84;27.5;52992
lhoksukun;01/10/2025;7;243.1;88;26.5;52992
lhoksukun;01/11/2025;4;1099.2;92;25.7;52992
lhoksukun;01/12/2025;4;165.5;89;26.0;52992
matangkuli;01/01/2021;2;134.8;87;25.8;18927
matangkuli;01/02/2021;2;69.4;82;26.4;18927
matangkuli;01/03/2021;0;124.5;84;26.6;18927
matangkuli;01/04/2021;1;117.2;85;26.8;18927
matangkuli;01/05/2021;0;100.3;84;27.4;18927
matangkuli;01/06/2021;1;94.2;84;27.8;18927
matangkuli;01/07/2021;1;73.0;83;27.2;18927
matangkuli;01/08/2021;1;152.9;84;26.7;18927
matangkuli;01/09/2021;1;42.4;85;26.7;18927
matangkuli;01/10/2021;1;200.9;85;26.6;18927
matangkuli;01/11/2021;2;160.8;88;25.9;18927
matangkuli;01/12/2021;2;232.1;87;25.8;18927
matangkuli;01/01/2022;6;129.1;85;26.2;19135
matangkuli;01/02/2022;0;293.3;87;25.9;19135
matangkuli;01/03/2022;6;60.1;87;26.4;19135
matangkuli;01/04/2022;0;109.8;85;26.6;19135
matangkuli;01/05/2022;3;63.0;84;27.1;19135
matangkuli;01/06/2022;3;183.2;85;26.5;19135
matangkuli;01/07/2022;1;31.3;83;27.2;19135
matangkuli;01/08/2022;3;130.1;84;26.8;19135
matangkuli;01/09/2022;1;55.4;84;26.7;19135
matangkuli;01/10/2022;2;357.2;89;26.1;19135
matangkuli;01/11/2022;3;20.1;90;25.8;19135
matangkuli;01/12/2022;2;378.7;90;25.4;19135
matangkuli;01/01/2023;1;171.4;86;25.9;19621
matangkuli;01/02/2023;3;52.9;85;26.1;19621
matangkuli;01/03/2023;4;35.0;84;26.7;19621
matangkuli;01/04/2023;0;26.6;81;27.4;19621
matangkuli;01/05/2023;3;165.9;84;27.8;19621
matangkuli;01/06/2023;6;41.9;83;27.6;19621
matangkuli;01/07/2023;2;131.6;82;27.6;19621
matangkuli;01/08/2023;3;135.4;84;27.3;19621
matangkuli;01/09/2023;5;173.3;84;27.1;19621
matangkuli;01/10/2023;2;173.3;88;30.7;19621
matangkuli;01/11/2023;1;241.4;90;26.2;19621
matangkuli;01/12/2023;1;324.7;84;24.8;19621
matangkuli;01/01/2024;1;33.8;86;26.7;20211
matangkuli;01/02/2024;3;7.3;83;27.2;20211
matangkuli;01/03/2024;0;23.7;82;27.6;20211
matangkuli;01/04/2024;3;88.5;81;28.4;20211
matangkuli;01/05/2024;2;154.0;85;28.4;20211
matangkuli;01/06/2024;0;134.7;82;28.0;20211
matangkuli;01/07/2024;5;21.5;82;27.7;20211
matangkuli;01/08/2024;3;189.1;85;27.1;20211
matangkuli;01/09/2024;4;133.2;84;27.3;20211
matangkuli;01/10/2024;4;72.6;87;26.7;20211
matangkuli;01/11/2024;2;241.4;89;26.5;20211
matangkuli;01/12/2024;1;174.4;89;26.5;20211
matangkuli;01/01/2025;2;139.0;88;26.0;20442
matangkuli;01/02/2025;0;50.2;85;26.6;20442
matangkuli;01/03/2025;2;259.0;87;27.2;20442
matangkuli;01/04/2025;2;153.7;88;26.8;20442
matangkuli;01/05/2025;4;92.7;87;27.7;20442
matangkuli;01/06/2025;3;66.9;84;27.9;20442
matangkuli;01/07/2025;2;33.3;80;28.0;20442
matangkuli;01/08/2025;3;51.6;84;27.1;20442
matangkuli;01/09/2025;3;54.5;84;27.5;20442
matangkuli;01/10/2025;1;243.1;88;26.5;20442
matangkuli;01/11/2025;4;1099.2;92;25.7;20442
matangkuli;01/12/2025;1;165.5;89;26.0;20442
meurah mulia;01/01/2021;1;134.8;87;25.8;21306
meurah mulia;01/02/2021;0;69.4;82;26.4;21306
meurah mulia;01/03/2021;3;124.5;84;26.6;21306
meurah mulia;01/04/2021;3;117.2;85;26.8;21306
meurah mulia;01/05/2021;0;100.3;84;27.4;21306
meurah mulia;01/06/2021;0;94.2;84;27.8;21306
meurah mulia;01/07/2021;1;73.0;83;27.2;21306
meurah mulia;01/08/2021;1;152.9;84;26.7;21306
meurah mulia;01/09/2021;1;42.4;85;26.7;21306
meurah mulia;01/10/2021;5;200.9;85;26.6;21306
meurah mulia;01/11/2021;5;160.8;88;25.9;21306
meurah mulia;01/12/2021;2;232.1;87;25.8;21306
meurah mulia;01/01/2022;3;129.1;85;26.2;21634
meurah mulia;01/02/2022;2;293.3;87;25.9;21634
meurah mulia;01/03/2022;5;60.1;87;26.4;21634
meurah mulia;01/04/2022;2;109.8;85;26.6;21634
meurah mulia;01/05/2022;0;63.0;84;27.1;21634
meurah mulia;01/06/2022;2;183.2;85;26.5;21634
meurah mulia;01/07/2022;1;31.3;83;27.2;21634
meurah mulia;01/08/2022;6;130.1;84;26.8;21634
meurah mulia;01/09/2022;8;55.4;84;26.7;21634
meurah mulia;01/10/2022;1;357.2;89;26.1;21634
meurah mulia;01/11/2022;2;20.1;90;25.8;21634
meurah mulia;01/12/2022;6;378.7;90;25.4;21634
meurah mulia;01/01/2023;3;171.4;86;25.9;22304
meurah mulia;01/02/2023;3;52.9;85;26.1;22304
meurah mulia;01/03/2023;1;35.0;84;26.7;22304
meurah mulia;01/04/2023;1;26.6;81;27.4;22304
meurah mulia;01/05/2023;8;165.9;84;27.8;22304
meurah mulia;01/06/2023;2;41.9;83;27.6;22304
meurah mulia;01/07/2023;3;131.6;82;27.6;22304
meurah mulia;01/08/2023;3;135.4;84;27.3;22304
meurah mulia;01/09/2023;4;173.3;84;27.1;22304
meurah mulia;01/10/2023;3;173.3;88;30.7;22304
meurah mulia;01/11/2023;1;241.4;90;26.2;22304
meurah mulia;01/12/2023;1;324.7;84;24.8;22304
meurah mulia;01/01/2024;2;33.8;86;26.7;22729
meurah mulia;01/02/2024;5;7.3;83;27.2;22729
meurah mulia;01/03/2024;2;23.7;82;27.6;22729
meurah mulia;01/04/2024;2;88.5;81;28.4;22729
meurah mulia;01/05/2024;3;154.0;85;28.4;22729
meurah mulia;01/06/2024;2;134.7;82;28.0;22729
meurah mulia;01/07/2024;7;21.5;82;27.7;22729
meurah mulia;01/08/2024;0;189.1;85;27.1;22729
meurah mulia;01/09/2024;2;133.2;84;27.3;22729
meurah mulia;01/10/2024;2;72.6;87;26.7;22729
meurah mulia;01/11/2024;1;241.4;89;26.5;22729
meurah mulia;01/12/2024;3;174.4;89;26.5;22729
meurah mulia;01/01/2025;1;139.0;88;26.0;22966
meurah mulia;01/02/2025;2;50.2;85;26.6;22966
meurah mulia;01/03/2025;2;259.0;87;27.2;22966
meurah mulia;01/04/2025;4;153.7;88;26.8;22966
meurah mulia;01/05/2025;6;92.7;87;27.7;22966
meurah mulia;01/06/2025;1;66.9;84;27.9;22966
meurah mulia;01/07/2025;5;33.3;80;28.0;22966
meurah mulia;01/08/2025;2;51.6;84;27.1;22966
meurah mulia;01/09/2025;3;54.5;84;27.5;22966
meurah mulia;01/10/2025;2;243.1;88;26.5;22966
meurah mulia;01/11/2025;1;1099.2;92;25.7;22966
meurah mulia;01/12/2025;1;165.5;89;26.0;22966
muara batu;01/01/2021;4;134.8;87;25.8;27996
muara batu;01/02/2021;2;69.4;82;26.4;27996
muara batu;01/03/2021;0;124.5;84;26.6;27996
muara batu;01/04/2021;4;117.2;85;26.8;27996
muara batu;01/05/2021;3;100.3;84;27.4;27996
muara batu;01/06/2021;0;94.2;84;27.8;27996
muara batu;01/07/2021;0;73.0;83;27.2;27996
muara batu;01/08/2021;4;152.9;84;26.7;27996
muara batu;01/09/2021;2;42.4;85;26.7;27996
muara batu;01/10/2021;3;200.9;85;26.6;27996
muara batu;01/11/2021;0;160.8;88;25.9;27996
muara batu;01/12/2021;3;232.1;87;25.8;27996
muara batu;01/01/2022;6;129.1;85;26.2;28295
muara batu;01/02/2022;5;293.3;87;25.9;28295
muara batu;01/03/2022;1;60.1;87;26.4;28295
muara batu;01/04/2022;5;109.8;85;26.6;28295
muara batu;01/05/2022;4;63.0;84;27.1;28295
muara batu;01/06/2022;1;183.2;85;26.5;28295
muara batu;01/07/2022;2;31.3;83;27.2;28295
muara batu;01/08/2022;7;130.1;84;26.8;28295
muara batu;01/09/2022;5;55.4;84;26.7;28295
muara batu;01/10/2022;6;357.2;89;26.1;28295
muara batu;01/11/2022;2;20.1;90;25.8;28295
muara batu;01/12/2022;2;378.7;90;25.4;28295
muara batu;01/01/2023;1;171.4;86;25.9;28588
muara batu;01/02/2023;3;52.9;85;26.1;28588
muara batu;01/03/2023;3;35.0;84;26.7;28588
muara batu;01/04/2023;1;26.6;81;27.4;28588
muara batu;01/05/2023;2;165.9;84;27.8;28588
muara batu;01/06/2023;3;41.9;83;27.6;28588
muara batu;01/07/2023;2;131.6;82;27.6;28588
muara batu;01/08/2023;0;135.4;84;27.3;28588
muara batu;01/09/2023;2;173.3;84;27.1;28588
muara batu;01/10/2023;2;173.3;88;30.7;28588
muara batu;01/11/2023;0;241.4;90;26.2;28588
muara batu;01/12/2023;3;324.7;84;24.8;28588
muara batu;01/01/2024;3;33.8;86;26.7;29360
muara batu;01/02/2024;1;7.3;83;27.2;29360
muara batu;01/03/2024;2;23.7;82;27.6;29360
muara batu;01/04/2024;1;88.5;81;28.4;29360
muara batu;01/05/2024;0;154.0;85;28.4;29360
muara batu;01/06/2024;2;134.7;82;28.0;29360
muara batu;01/07/2024;2;21.5;82;27.7;29360
muara batu;01/08/2024;5;189.1;85;27.1;29360
muara batu;01/09/2024;4;133.2;84;27.3;29360
muara batu;01/10/2024;8;72.6;87;26.7;29360
muara batu;01/11/2024;3;241.4;89;26.5;29360
muara batu;01/12/2024;6;174.4;89;26.5;29360
muara batu;01/01/2025;4;139.0;88;26.0;29683
muara batu;01/02/2025;3;50.2;85;26.6;29683
muara batu;01/03/2025;3;259.0;87;27.2;29683
muara batu;01/04/2025;8;153.7;88;26.8;29683
muara batu;01/05/2025;1;92.7;87;27.7;29683
muara batu;01/06/2025;5;66.9;84;27.9;29683
muara batu;01/07/2025;2;33.3;80;28.0;29683
muara batu;01/08/2025;5;51.6;84;27.1;29683
muara batu;01/09/2025;0;54.5;84;27.5;29683
muara batu;01/10/2025;7;243.1;88;26.5;29683
muara batu;01/11/2025;3;1099.2;92;25.7;29683
muara batu;01/12/2025;1;165.5;89;26.0;29683
nibong;01/01/2021;3;134.8;87;25.8;10921
nibong;01/02/2021;0;69.4;82;26.4;10921
nibong;01/03/2021;4;124.5;84;26.6;10921
nibong;01/04/2021;2;117.2;85;26.8;10921
nibong;01/05/2021;0;100.3;84;27.4;10921
nibong;01/06/2021;3;94.2;84;27.8;10921
nibong;01/07/2021;0;73.0;83;27.2;10921
nibong;01/08/2021;0;152.9;84;26.7;10921
nibong;01/09/2021;1;42.4;85;26.7;10921
nibong;01/10/2021;1;200.9;85;26.6;10921
nibong;01/11/2021;2;160.8;88;25.9;10921
nibong;01/12/2021;0;232.1;87;25.8;10921
nibong;01/01/2022;2;129.1;85;26.2;11086
nibong;01/02/2022;2;293.3;87;25.9;11086
nibong;01/03/2022;4;60.1;87;26.4;11086
nibong;01/04/2022;0;109.8;85;26.6;11086
nibong;01/05/2022;1;63.0;84;27.1;11086
nibong;01/06/2022;2;183.2;85;26.5;11086
nibong;01/07/2022;0;31.3;83;27.2;11086
nibong;01/08/2022;0;130.1;84;26.8;11086
nibong;01/09/2022;0;55.4;84;26.7;11086
nibong;01/10/2022;0;357.2;89;26.1;11086
nibong;01/11/2022;3;20.1;90;25.8;11086
nibong;01/12/2022;2;378.7;90;25.4;11086
nibong;01/01/2023;2;171.4;86;25.9;11279
nibong;01/02/2023;1;52.9;85;26.1;11279
nibong;01/03/2023;0;35.0;84;26.7;11279
nibong;01/04/2023;2;26.6;81;27.4;11279
nibong;01/05/2023;3;165.9;84;27.8;11279
nibong;01/06/2023;1;41.9;83;27.6;11279
nibong;01/07/2023;3;131.6;82;27.6;11279
nibong;01/08/2023;0;135.4;84;27.3;11279
nibong;01/09/2023;3;173.3;84;27.1;11279
nibong;01/10/2023;1;173.3;88;30.7;11279
nibong;01/11/2023;0;241.4;90;26.2;11279
nibong;01/12/2023;4;324.7;84;24.8;11279
nibong;01/01/2024;1;33.8;86;26.7;11607
nibong;01/02/2024;1;7.3;83;27.2;11607
nibong;01/03/2024;1;23.7;82;27.6;11607
nibong;01/04/2024;1;88.5;81;28.4;11607
nibong;01/05/2024;3;154.0;85;28.4;11607
nibong;01/06/2024;2;134.7;82;28.0;11607
nibong;01/07/2024;1;21.5;82;27.7;11607
nibong;01/08/2024;2;189.1;85;27.1;11607
nibong;01/09/2024;1;133.2;84;27.3;11607
nibong;01/10/2024;2;72.6;87;26.7;11607
nibong;01/11/2024;2;241.4;89;26.5;11607
nibong;01/12/2024;0;174.4;89;26.5;11607
nibong;01/01/2025;1;139.0;88;26.0;11696
nibong;01/02/2025;2;50.2;85;26.6;11696
nibong;01/03/2025;1;259.0;87;27.2;11696
nibong;01/04/2025;2;153.7;88;26.8;11696
nibong;01/05/2025;1;92.7;87;27.7;11696
nibong;01/06/2025;2;66.9;84;27.9;11696
nibong;01/07/2025;5;33.3;80;28.0;11696
nibong;01/08/2025;0;51.6;84;27.1;11696
nibong;01/09/2025;0;54.5;84;27.5;11696
nibong;01/10/2025;3;243.1;88;26.5;11696
nibong;01/11/2025;0;1099.2;92;25.7;11696
nibong;01/12/2025;1;165.5;89;26.0;11696
nisam;01/01/2021;7;134.8;87;25.8;19853
nisam;01/02/2021;2;69.4;82;26.4;19853
nisam;01/03/2021;5;124.5;84;26.6;19853
nisam;01/04/2021;3;117.2;85;26.8;19853
nisam;01/05/2021;0;100.3;84;27.4;19853
nisam;01/06/2021;4;94.2;84;27.8;19853
nisam;01/07/2021;3;73.0;83;27.2;19853
nisam;01/08/2021;0;152.9;84;26.7;19853
nisam;01/09/2021;1;42.4;85;26.7;19853
nisam;01/10/2021;2;200.9;85;26.6;19853
nisam;01/11/2021;2;160.8;88;25.9;19853
nisam;01/12/2021;0;232.1;87;25.8;19853
nisam;01/01/2022;11;129.1;85;26.2;20084
nisam;01/02/2022;2;293.3;87;25.9;20084
nisam;01/03/2022;3;60.1;87;26.4;20084
nisam;01/04/2022;2;109.8;85;26.6;20084
nisam;01/05/2022;4;63.0;84;27.1;20084
nisam;01/06/2022;3;183.2;85;26.5;20084
nisam;01/07/2022;2;31.3;83;27.2;20084
nisam;01/08/2022;4;130.1;84;26.8;20084
nisam;01/09/2022;5;55.4;84;26.7;20084
nisam;01/10/2022;5;357.2;89;26.1;20084
nisam;01/11/2022;4;20.1;90;25.8;20084
nisam;01/12/2022;3;378.7;90;25.4;20084
nisam;01/01/2023;3;171.4;86;25.9;20721
nisam;01/02/2023;3;52.9;85;26.1;20721
nisam;01/03/2023;4;35.0;84;26.7;20721
nisam;01/04/2023;0;26.6;81;27.4;20721
nisam;01/05/2023;2;165.9;84;27.8;20721
nisam;01/06/2023;3;41.9;83;27.6;20721
nisam;01/07/2023;2;131.6;82;27.6;20721
nisam;01/08/2023;3;135.4;84;27.3;20721
nisam;01/09/2023;3;173.3;84;27.1;20721
nisam;01/10/2023;4;173.3;88;30.7;20721
nisam;01/11/2023;2;241.4;90;26.2;20721
nisam;01/12/2023;6;324.7;84;24.8;20721
nisam;01/01/2024;1;33.8;86;26.7;21385
nisam;01/02/2024;1;7.3;83;27.2;21385
nisam;01/03/2024;2;23.7;82;27.6;21385
nisam;01/04/2024;1;88.5;81;28.4;21385
nisam;01/05/2024;5;154.0;85;28.4;21385
nisam;01/06/2024;4;134.7;82;28.0;21385
nisam;01/07/2024;3;21.5;82;27.7;21385
nisam;01/08/2024;1;189.1;85;27.1;21385
nisam;01/09/2024;5;133.2;84;27.3;21385
nisam;01/10/2024;4;72.6;87;26.7;21385
nisam;01/11/2024;6;241.4;89;26.5;21385
nisam;01/12/2024;6;174.4;89;26.5;21385
nisam;01/01/2025;3;139.0;88;26.0;21659
nisam;01/02/2025;4;50.2;85;26.6;21659
nisam;01/03/2025;6;259.0;87;27.2;21659
nisam;01/04/2025;2;153.7;88;26.8;21659
nisam;01/05/2025;3;92.7;87;27.7;21659
nisam;01/06/2025;6;66.9;84;27.9;21659
nisam;01/07/2025;4;33.3;80;28.0;21659
nisam;01/08/2025;3;51.6;84;27.1;21659
nisam;01/09/2025;1;54.5;84;27.5;21659
nisam;01/10/2025;4;243.1;88;26.5;21659
nisam;01/11/2025;4;1099.2;92;25.7;21659
nisam;01/12/2025;1;165.5;89;26.0;21659
nisam antara;01/01/2021;1;134.8;87;25.8;13554
nisam antara;01/02/2021;1;69.4;82;26.4;13554
nisam antara;01/03/2021;0;124.5;84;26.6;13554
nisam antara;01/04/2021;1;117.2;85;26.8;13554
nisam antara;01/05/2021;0;100.3;84;27.4;13554
nisam antara;01/06/2021;0;94.2;84;27.8;13554
nisam antara;01/07/2021;0;73.0;83;27.2;13554
nisam antara;01/08/2021;1;152.9;84;26.7;13554
nisam antara;01/09/2021;1;42.4;85;26.7;13554
nisam antara;01/10/2021;0;200.9;85;26.6;13554
nisam antara;01/11/2021;1;160.8;88;25.9;13554
nisam antara;01/12/2021;2;232.1;87;25.8;13554
nisam antara;01/01/2022;0;129.1;85;26.2;13669
nisam antara;01/02/2022;0;293.3;87;25.9;13669
nisam antara;01/03/2022;0;60.1;87;26.4;13669
nisam antara;01/04/2022;0;109.8;85;26.6;13669
nisam antara;01/05/2022;2;63.0;84;27.1;13669
nisam antara;01/06/2022;3;183.2;85;26.5;13669
nisam antara;01/07/2022;0;31.3;83;27.2;13669
nisam antara;01/08/2022;0;130.1;84;26.8;13669
nisam antara;01/09/2022;1;55.4;84;26.7;13669
nisam antara;01/10/2022;2;357.2;89;26.1;13669
nisam antara;01/11/2022;0;20.1;90;25.8;13669
nisam antara;01/12/2022;0;378.7;90;25.4;13669
nisam antara;01/01/2023;1;171.4;86;25.9;13967
nisam antara;01/02/2023;2;52.9;85;26.1;13967
nisam antara;01/03/2023;2;35.0;84;26.7;13967
nisam antara;01/04/2023;0;26.6;81;27.4;13967
nisam antara;01/05/2023;1;165.9;84;27.8;13967
nisam antara;01/06/2023;2;41.9;83;27.6;13967
nisam antara;01/07/2023;1;131.6;82;27.6;13967
nisam antara;01/08/2023;0;135.4;84;27.3;13967
nisam antara;01/09/2023;2;173.3;84;27.1;13967
nisam antara;01/10/2023;0;173.3;88;30.7;13967
nisam antara;01/11/2023;2;241.4;90;26.2;13967
nisam antara;01/12/2023;0;324.7;84;24.8;13967
nisam antara;01/01/2024;0;33.8;86;26.7;14149
nisam antara;01/02/2024;1;7.3;83;27.2;14149
nisam antara;01/03/2024;3;23.7;82;27.6;14149
nisam antara;01/04/2024;0;88.5;81;28.4;14149
nisam antara;01/05/2024;2;154.0;85;28.4;14149
nisam antara;01/06/2024;2;134.7;82;28.0;14149
nisam antara;01/07/2024;2;21.5;82;27.7;14149
nisam antara;01/08/2024;1;189.1;85;27.1;14149
nisam antara;01/09/2024;1;133.2;84;27.3;14149
nisam antara;01/10/2024;1;72.6;87;26.7;14149
nisam antara;01/11/2024;2;241.4;89;26.5;14149
nisam antara;01/12/2024;0;174.4;89;26.5;14149
nisam antara;01/01/2025;2;139.0;88;26.0;14250
nisam antara;01/02/2025;0;50.2;85;26.6;14250
nisam antara;01/03/2025;0;259.0;87;27.2;14250
nisam antara;01/04/2025;1;153.7;88;26.8;14250
nisam antara;01/05/2025;0;92.7;87;27.7;14250
nisam antara;01/06/2025;0;66.9;84;27.9;14250
nisam antara;01/07/2025;2;33.3;80;28.0;14250
nisam antara;01/08/2025;2;51.6;84;27.1;14250
nisam antara;01/09/2025;1;54.5;84;27.5;14250
nisam antara;01/10/2025;0;243.1;88;26.5;14250
nisam antara;01/11/2025;0;1099.2;92;25.7;14250
nisam antara;01/12/2025;0;165.5;89;26.0;14250
paya bakong;01/01/2021;3;134.8;87;25.8;15804
paya bakong;01/02/2021;1;69.4;82;26.4;15804
paya bakong;01/03/2021;0;124.5;84;26.6;15804
paya bakong;01/04/2021;2;117.2;85;26.8;15804
paya bakong;01/05/2021;0;100.3;84;27.4;15804
paya bakong;01/06/2021;1;94.2;84;27.8;15804
paya bakong;01/07/2021;2;73.0;83;27.2;15804
paya bakong;01/08/2021;4;152.9;84;26.7;15804
paya bakong;01/09/2021;5;42.4;85;26.7;15804
paya bakong;01/10/2021;4;200.9;85;26.6;15804
paya bakong;01/11/2021;0;160.8;88;25.9;15804
paya bakong;01/12/2021;1;232.1;87;25.8;15804
paya bakong;01/01/2022;2;129.1;85;26.2;16088
paya bakong;01/02/2022;3;293.3;87;25.9;16088
paya bakong;01/03/2022;1;60.1;87;26.4;16088
paya bakong;01/04/2022;2;109.8;85;26.6;16088
paya bakong;01/05/2022;4;63.0;84;27.1;16088
paya bakong;01/06/2022;5;183.2;85;26.5;16088
paya bakong;01/07/2022;1;31.3;83;27.2;16088
paya bakong;01/08/2022;1;130.1;84;26.8;16088
paya bakong;01/09/2022;6;55.4;84;26.7;16088
paya bakong;01/10/2022;1;357.2;89;26.1;16088
paya bakong;01/11/2022;8;20.1;90;25.8;16088
paya bakong;01/12/2022;7;378.7;90;25.4;16088
paya bakong;01/01/2023;6;171.4;86;25.9;15937
paya bakong;01/02/2023;3;52.9;85;26.1;15937
paya bakong;01/03/2023;4;35.0;84;26.7;15937
paya bakong;01/04/2023;5;26.6;81;27.4;15937
paya bakong;01/05/2023;3;165.9;84;27.8;15937
paya bakong;01/06/2023;2;41.9;83;27.6;15937
paya bakong;01/07/2023;3;131.6;82;27.6;15937
paya bakong;01/08/2023;3;135.4;84;27.3;15937
paya bakong;01/09/2023;6;173.3;84;27.1;15937
paya bakong;01/10/2023;2;173.3;88;30.7;15937
paya bakong;01/11/2023;1;241.4;90;26.2;15937
paya bakong;01/12/2023;2;324.7;84;24.8;15937
paya bakong;01/01/2024;5;33.8;86;26.7;16424
paya bakong;01/02/2024;0;7.3;83;27.2;16424
paya bakong;01/03/2024;3;23.7;82;27.6;16424
paya bakong;01/04/2024;2;88.5;81;28.4;16424
paya bakong;01/05/2024;3;154.0;85;28.4;16424
paya bakong;01/06/2024;3;134.7;82;28.0;16424
paya bakong;01/07/2024;4;21.5;82;27.7;16424
paya bakong;01/08/2024;4;189.1;85;27.1;16424
paya bakong;01/09/2024;1;133.2;84;27.3;16424
paya bakong;01/10/2024;2;72.6;87;26.7;16424
paya bakong;01/11/2024;2;241.4;89;26.5;16424
paya bakong;01/12/2024;0;174.4;89;26.5;16424
paya bakong;01/01/2025;4;139.0;88;26.0;16611
paya bakong;01/02/2025;3;50.2;85;26.6;16611
paya bakong;01/03/2025;2;259.0;87;27.2;16611
paya bakong;01/04/2025;2;153.7;88;26.8;16611
paya bakong;01/05/2025;1;92.7;87;27.7;16611
paya bakong;01/06/2025;1;66.9;84;27.9;16611
paya bakong;01/07/2025;5;33.3;80;28.0;16611
paya bakong;01/08/2025;1;51.6;84;27.1;16611
paya bakong;01/09/2025;2;54.5;84;27.5;16611
paya bakong;01/10/2025;3;243.1;88;26.5;16611
paya bakong;01/11/2025;2;1099.2;92;25.7;16611
paya bakong;01/12/2025;2;165.5;89;26.0;16611
pirak timur;01/01/2021;0;134.8;87;25.8;8912
pirak timur;01/02/2021;3;69.4;82;26.4;8912
pirak timur;01/03/2021;1;124.5;84;26.6;8912
pirak timur;01/04/2021;1;117.2;85;26.8;8912
pirak timur;01/05/2021;1;100.3;84;27.4;8912
pirak timur;01/06/2021;2;94.2;84;27.8;8912
pirak timur;01/07/2021;0;73.0;83;27.2;8912
pirak timur;01/08/2021;2;152.9;84;26.7;8912
pirak timur;01/09/2021;1;42.4;85;26.7;8912
pirak timur;01/10/2021;0;200.9;85;26.6;8912
pirak timur;01/11/2021;2;160.8;88;25.9;8912
pirak timur;01/12/2021;1;232.1;87;25.8;8912
pirak timur;01/01/2022;1;129.1;85;26.2;9044
pirak timur;01/02/2022;2;293.3;87;25.9;9044
pirak timur;01/03/2022;3;60.1;87;26.4;9044
pirak timur;01/04/2022;1;109.8;85;26.6;9044
pirak timur;01/05/2022;2;63.0;84;27.1;9044
pirak timur;01/06/2022;2;183.2;85;26.5;9044
pirak timur;01/07/2022;2;31.3;83;27.2;9044
pirak timur;01/08/2022;3;130.1;84;26.8;9044
pirak timur;01/09/2022;1;55.4;84;26.7;9044
pirak timur;01/10/2022;0;357.2;89;26.1;9044
pirak timur;01/11/2022;1;20.1;90;25.8;9044
pirak timur;01/12/2022;2;378.7;90;25.4;9044
pirak timur;01/01/2023;5;171.4;86;25.9;9074
pirak timur;01/02/2023;3;52.9;85;26.1;9074
pirak timur;01/03/2023;1;35.0;84;26.7;9074
pirak timur;01/04/2023;0;26.6;81;27.4;9074
pirak timur;01/05/2023;0;165.9;84;27.8;9074
pirak timur;01/06/2023;1;41.9;83;27.6;9074
pirak timur;01/07/2023;1;131.6;82;27.6;9074
pirak timur;01/08/2023;2;135.4;84;27.3;9074
pirak timur;01/09/2023;0;173.3;84;27.1;9074
pirak timur;01/10/2023;0;173.3;88;30.7;9074
pirak timur;01/11/2023;2;241.4;90;26.2;9074
pirak timur;01/12/2023;2;324.7;84;24.8;9074
pirak timur;01/01/2024;1;33.8;86;26.7;9375
pirak timur;01/02/2024;1;7.3;83;27.2;9375
pirak timur;01/03/2024;2;23.7;82;27.6;9375
pirak timur;01/04/2024;2;88.5;81;28.4;9375
pirak timur;01/05/2024;3;154.0;85;28.4;9375
pirak timur;01/06/2024;3;134.7;82;28.0;9375
pirak timur;01/07/2024;2;21.5;82;27.7;9375
pirak timur;01/08/2024;1;189.1;85;27.1;9375
pirak timur;01/09/2024;1;133.2;84;27.3;9375
pirak timur;01/10/2024;0;72.6;87;26.7;9375
pirak timur;01/11/2024;1;241.4;89;26.5;9375
pirak timur;01/12/2024;1;174.4;89;26.5;9375
pirak timur;01/01/2025;0;139.0;88;26.0;9478
pirak timur;01/02/2025;1;50.2;85;26.6;9478
pirak timur;01/03/2025;1;259.0;87;27.2;9478
pirak timur;01/04/2025;1;153.7;88;26.8;9478
pirak timur;01/05/2025;2;92.7;87;27.7;9478
pirak timur;01/06/2025;3;66.9;84;27.9;9478
pirak timur;01/07/2025;1;33.3;80;28.0;9478
pirak timur;01/08/2025;0;51.6;84;27.1;9478
pirak timur;01/09/2025;0;54.5;84;27.5;9478
pirak timur;01/10/2025;0;243.1;88;26.5;9478
pirak timur;01/11/2025;0;1099.2;92;25.7;9478
pirak timur;01/12/2025;1;165.5;89;26.0;9478
samudera;01/01/2021;2;134.8;87;25.8;27326
samudera;01/02/2021;2;69.4;82;26.4;27326
samudera;01/03/2021;4;124.5;84;26.6;27326
samudera;01/04/2021;9;117.2;85;26.8;27326
samudera;01/05/2021;2;100.3;84;27.4;27326
samudera;01/06/2021;4;94.2;84;27.8;27326
samudera;01/07/2021;4;73.0;83;27.2;27326
samudera;01/08/2021;2;152.9;84;26.7;27326
samudera;01/09/2021;1;42.4;85;26.7;27326
samudera;01/10/2021;2;200.9;85;26.6;27326
samudera;01/11/2021;3;160.8;88;25.9;27326
samudera;01/12/2021;3;232.1;87;25.8;27326
samudera;01/01/2022;4;129.1;85;26.2;27559
samudera;01/02/2022;4;293.3;87;25.9;27559
samudera;01/03/2022;4;60.1;87;26.4;27559
samudera;01/04/2022;5;109.8;85;26.6;27559
samudera;01/05/2022;2;63.0;84;27.1;27559
samudera;01/06/2022;8;183.2;85;26.5;27559
samudera;01/07/2022;1;31.3;83;27.2;27559
samudera;01/08/2022;7;130.1;84;26.8;27559
samudera;01/09/2022;2;55.4;84;26.7;27559
samudera;01/10/2022;7;357.2;89;26.1;27559
samudera;01/11/2022;4;20.1;90;25.8;27559
samudera;01/12/2022;6;378.7;90;25.4;27559
samudera;01/01/2023;3;171.4;86;25.9;28366
samudera;01/02/2023;3;52.9;85;26.1;28366
samudera;01/03/2023;1;35.0;84;26.7;28366
samudera;01/04/2023;2;26.6;81;27.4;28366
samudera;01/05/2023;7;165.9;84;27.8;28366
samudera;01/06/2023;1;41.9;83;27.6;28366
samudera;01/07/2023;10;131.6;82;27.6;28366
samudera;01/08/2023;7;135.4;84;27.3;28366
samudera;01/09/2023;4;173.3;84;27.1;28366
samudera;01/10/2023;3;173.3;88;30.7;28366
samudera;01/11/2023;5;241.4;90;26.2;28366
samudera;01/12/2023;2;324.7;84;24.8;28366
samudera;01/01/2024;3;33.8;86;26.7;29032
samudera;01/02/2024;4;7.3;83;27.2;29032
samudera;01/03/2024;9;23.7;82;27.6;29032
samudera;01/04/2024;3;88.5;81;28.4;29032
samudera;01/05/2024;4;154.0;85;28.4;29032
samudera;01/06/2024;2;134.7;82;28.0;29032
samudera;01/07/2024;1;21.5;82;27.7;29032
samudera;01/08/2024;4;189.1;85;27.1;29032
samudera;01/09/2024;1;133.2;84;27.3;29032
samudera;01/10/2024;3;72.6;87;26.7;29032
samudera;01/11/2024;6;241.4;89;26.5;29032
samudera;01/12/2024;2;174.4;89;26.5;29032
samudera;01/01/2025;3;139.0;88;26.0;29339
samudera;01/02/2025;8;50.2;85;26.6;29339
samudera;01/03/2025;1;259.0;87;27.2;29339
samudera;01/04/2025;4;153.7;88;26.8;29339
samudera;01/05/2025;4;92.7;87;27.7;29339
samudera;01/06/2025;5;66.9;84;27.9;29339
samudera;01/07/2025;1;33.3;80;28.0;29339
samudera;01/08/2025;7;51.6;84;27.1;29339
samudera;01/09/2025;6;54.5;84;27.5;29339
samudera;01/10/2025;5;243.1;88;26.5;29339
samudera;01/11/2025;1;1099.2;92;25.7;29339
samudera;01/12/2025;0;165.5;89;26.0;29339
sawang;01/01/2021;3;134.8;87;25.8;39470
sawang;01/02/2021;1;69.4;82;26.4;39470
sawang;01/03/2021;0;124.5;84;26.6;39470
sawang;01/04/2021;3;117.2;85;26.8;39470
sawang;01/05/2021;0;100.3;84;27.4;39470
sawang;01/06/2021;3;94.2;84;27.8;39470
sawang;01/07/2021;0;73.0;83;27.2;39470
sawang;01/08/2021;1;152.9;84;26.7;39470
sawang;01/09/2021;4;42.4;85;26.7;39470
sawang;01/10/2021;2;200.9;85;26.6;39470
sawang;01/11/2021;3;160.8;88;25.9;39470
sawang;01/12/2021;0;232.1;87;25.8;39470
sawang;01/01/2022;3;129.1;85;26.2;39957
sawang;01/02/2022;5;293.3;87;25.9;39957
sawang;01/03/2022;2;60.1;87;26.4;39957
sawang;01/04/2022;1;109.8;85;26.6;39957
sawang;01/05/2022;1;63.0;84;27.1;39957
sawang;01/06/2022;1;183.2;85;26.5;39957
sawang;01/07/2022;4;31.3;83;27.2;39957
sawang;01/08/2022;3;130.1;84;26.8;39957
sawang;01/09/2022;1;55.4;84;26.7;39957
sawang;01/10/2022;3;357.2;89;26.1;39957
sawang;01/11/2022;0;20.1;90;25.8;39957
sawang;01/12/2022;6;378.7;90;25.4;39957
sawang;01/01/2023;1;171.4;86;25.9;40135
sawang;01/02/2023;5;52.9;85;26.1;40135
sawang;01/03/2023;3;35.0;84;26.7;40135
sawang;01/04/2023;1;26.6;81;27.4;40135
sawang;01/05/2023;4;165.9;84;27.8;40135
sawang;01/06/2023;5;41.9;83;27.6;40135
sawang;01/07/2023;6;131.6;82;27.6;40135
sawang;01/08/2023;0;135.4;84;27.3;40135
sawang;01/09/2023;2;173.3;84;27.1;40135
sawang;01/10/2023;2;173.3;88;30.7;40135
sawang;01/11/2023;0;241.4;90;26.2;40135
sawang;01/12/2023;4;324.7;84;24.8;40135
sawang;01/01/2024;4;33.8;86;26.7;41412
sawang;01/02/2024;2;7.3;83;27.2;41412
sawang;01/03/2024;3;23.7;82;27.6;41412
sawang;01/04/2024;1;88.5;81;28.4;41412
sawang;01/05/2024;5;154.0;85;28.4;41412
sawang;01/06/2024;3;134.7;82;28.0;41412
sawang;01/07/2024;10;21.5;82;27.7;41412
sawang;01/08/2024;3;189.1;85;27.1;41412
sawang;01/09/2024;3;133.2;84;27.3;41412
sawang;01/10/2024;3;72.6;87;26.7;41412
sawang;01/11/2024;2;241.4;89;26.5;41412
sawang;01/12/2024;3;174.4;89;26.5;41412
sawang;01/01/2025;3;139.0;88;26.0;41639
sawang;01/02/2025;6;50.2;85;26.6;41639
sawang;01/03/2025;3;259.0;87;27.2;41639
sawang;01/04/2025;3;153.7;88;26.8;41639
sawang;01/05/2025;4;92.7;87;27.7;41639
sawang;01/06/2025;3;66.9;84;27.9;41639
sawang;01/07/2025;8;33.3;80;28.0;41639
sawang;01/08/2025;3;51.6;84;27.1;41639
sawang;01/09/2025;4;54.5;84;27.5;41639
sawang;01/10/2025;7;243.1;88;26.5;41639
sawang;01/11/2025;1;1099.2;92;25.7;41639
sawang;01/12/2025;3;165.5;89;26.0;41639
seunuddon;01/01/2021;2;134.8;87;25.8;26162
seunuddon;01/02/2021;5;69.4;82;26.4;26162
seunuddon;01/03/2021;2;124.5;84;26.6;26162
seunuddon;01/04/2021;4;117.2;85;26.8;26162
seunuddon;01/05/2021;2;100.3;84;27.4;26162
seunuddon;01/06/2021;7;94.2;84;27.8;26162
seunuddon;01/07/2021;1;73.0;83;27.2;26162
seunuddon;01/08/2021;2;152.9;84;26.7;26162
seunuddon;01/09/2021;2;42.4;85;26.7;26162
seunuddon;01/10/2021;4;200.9;85;26.6;26162
seunuddon;01/11/2021;4;160.8;88;25.9;26162
seunuddon;01/12/2021;9;232.1;87;25.8;26162
seunuddon;01/01/2022;4;129.1;85;26.2;26392
seunuddon;01/02/2022;7;293.3;87;25.9;26392
seunuddon;01/03/2022;1;60.1;87;26.4;26392
seunuddon;01/04/2022;2;109.8;85;26.6;26392
seunuddon;01/05/2022;2;63.0;84;27.1;26392
seunuddon;01/06/2022;3;183.2;85;26.5;26392
seunuddon;01/07/2022;2;31.3;83;27.2;26392
seunuddon;01/08/2022;1;130.1;84;26.8;26392
seunuddon;01/09/2022;4;55.4;84;26.7;26392
seunuddon;01/10/2022;2;357.2;89;26.1;26392
seunuddon;01/11/2022;5;20.1;90;25.8;26392
seunuddon;01/12/2022;3;378.7;90;25.4;26392
seunuddon;01/01/2023;5;171.4;86;25.9;26430
seunuddon;01/02/2023;4;52.9;85;26.1;26430
seunuddon;01/03/2023;2;35.0;84;26.7;26430
seunuddon;01/04/2023;1;26.6;81;27.4;26430
seunuddon;01/05/2023;3;165.9;84;27.8;26430
seunuddon;01/06/2023;0;41.9;83;27.6;26430
seunuddon;01/07/2023;6;131.6;82;27.6;26430
seunuddon;01/08/2023;6;135.4;84;27.3;26430
seunuddon;01/09/2023;9;173.3;84;27.1;26430
seunuddon;01/10/2023;13;173.3;88;30.7;26430
seunuddon;01/11/2023;5;241.4;90;26.2;26430
seunuddon;01/12/2023;1;324.7;84;24.8;26430
seunuddon;01/01/2024;6;33.8;86;26.7;27020
seunuddon;01/02/2024;5;7.3;83;27.2;27020
seunuddon;01/03/2024;4;23.7;82;27.6;27020
seunuddon;01/04/2024;7;88.5;81;28.4;27020
seunuddon;01/05/2024;8;154.0;85;28.4;27020
seunuddon;01/06/2024;4;134.7;82;28.0;27020
seunuddon;01/07/2024;9;21.5;82;27.7;27020
seunuddon;01/08/2024;8;189.1;85;27.1;27020
seunuddon;01/09/2024;8;133.2;84;27.3;27020
seunuddon;01/10/2024;7;72.6;87;26.7;27020
seunuddon;01/11/2024;2;241.4;89;26.5;27020
seunuddon;01/12/2024;6;174.4;89;26.5;27020
seunuddon;01/01/2025;4;139.0;88;26.0;27337
seunuddon;01/02/2025;4;50.2;85;26.6;27337
seunuddon;01/03/2025;4;259.0;87;27.2;27337
seunuddon;01/04/2025;2;153.7;88;26.8;27337
seunuddon;01/05/2025;2;92.7;87;27.7;27337
seunuddon;01/06/2025;4;66.9;84;27.9;27337
seunuddon;01/07/2025;1;33.3;80;28.0;27337
seunuddon;01/08/2025;4;51.6;84;27.1;27337
seunuddon;01/09/2025;2;54.5;84;27.5;27337
seunuddon;01/10/2025;3;243.1;88;26.5;27337
seunuddon;01/11/2025;2;1099.2;92;25.7;27337
seunuddon;01/12/2025;0;165.5;89;26.0;27337
simpang keramat;01/01/2021;0;134.8;87;25.8;10049
simpang keramat;01/02/2021;0;69.4;82;26.4;10049
simpang keramat;01/03/2021;0;124.5;84;26.6;10049
simpang keramat;01/04/2021;1;117.2;85;26.8;10049
simpang keramat;01/05/2021;1;100.3;84;27.4;10049
simpang keramat;01/06/2021;0;94.2;84;27.8;10049
simpang keramat;01/07/2021;0;73.0;83;27.2;10049
simpang keramat;01/08/2021;0;152.9;84;26.7;10049
simpang keramat;01/09/2021;1;42.4;85;26.7;10049
simpang keramat;01/10/2021;0;200.9;85;26.6;10049
simpang keramat;01/11/2021;0;160.8;88;25.9;10049
simpang keramat;01/12/2021;1;232.1;87;25.8;10049
simpang keramat;01/01/2022;2;129.1;85;26.2;10160
simpang keramat;01/02/2022;0;293.3;87;25.9;10160
simpang keramat;01/03/2022;0;60.1;87;26.4;10160
simpang keramat;01/04/2022;0;109.8;85;26.6;10160
simpang keramat;01/05/2022;0;63.0;84;27.1;10160
simpang keramat;01/06/2022;0;183.2;85;26.5;10160
simpang keramat;01/07/2022;0;31.3;83;27.2;10160
simpang keramat;01/08/2022;2;130.1;84;26.8;10160
simpang keramat;01/09/2022;1;55.4;84;26.7;10160
simpang keramat;01/10/2022;1;357.2;89;26.1;10160
simpang keramat;01/11/2022;0;20.1;90;25.8;10160
simpang keramat;01/12/2022;0;378.7;90;25.4;10160
simpang keramat;01/01/2023;2;171.4;86;25.9;10994
simpang keramat;01/02/2023;1;52.9;85;26.1;10994
simpang keramat;01/03/2023;1;35.0;84;26.7;10994
simpang keramat;01/04/2023;2;26.6;81;27.4;10994
simpang keramat;01/05/2023;1;165.9;84;27.8;10994
simpang keramat;01/06/2023;0;41.9;83;27.6;10994
simpang keramat;01/07/2023;0;131.6;82;27.6;10994
simpang keramat;01/08/2023;1;135.4;84;27.3;10994
simpang keramat;01/09/2023;0;173.3;84;27.1;10994
simpang keramat;01/10/2023;0;173.3;88;30.7;10994
simpang keramat;01/11/2023;0;241.4;90;26.2;10994
simpang keramat;01/12/2023;0;324.7;84;24.8;10994
simpang keramat;01/01/2024;1;33.8;86;26.7;11444
simpang keramat;01/02/2024;3;7.3;83;27.2;11444
simpang keramat;01/03/2024;0;23.7;82;27.6;11444
simpang keramat;01/04/2024;0;88.5;81;28.4;11444
simpang keramat;01/05/2024;0;154.0;85;28.4;11444
simpang keramat;01/06/2024;1;134.7;82;28.0;11444
simpang keramat;01/07/2024;1;21.5;82;27.7;11444
simpang keramat;01/08/2024;1;189.1;85;27.1;11444
simpang keramat;01/09/2024;0;133.2;84;27.3;11444
simpang keramat;01/10/2024;1;72.6;87;26.7;11444
simpang keramat;01/11/2024;1;241.4;89;26.5;11444
simpang keramat;01/12/2024;2;174.4;89;26.5;11444
simpang keramat;01/01/2025;0;139.0;88;26.0;11599
simpang keramat;01/02/2025;1;50.2;85;26.6;11599
simpang keramat;01/03/2025;2;259.0;87;27.2;11599
simpang keramat;01/04/2025;0;153.7;88;26.8;11599
simpang keramat;01/05/2025;1;92.7;87;27.7;11599
simpang keramat;01/06/2025;0;66.9;84;27.9;11599
simpang keramat;01/07/2025;0;33.3;80;28.0;11599
simpang keramat;01/08/2025;1;51.6;84;27.1;11599
simpang keramat;01/09/2025;1;54.5;84;27.5;11599
simpang keramat;01/10/2025;4;243.1;88;26.5;11599
simpang keramat;01/11/2025;0;1099.2;92;25.7;11599
simpang keramat;01/12/2025;2;165.5;89;26.0;11599
syamtalira aron;01/01/2021;1;134.8;87;25.8;19576
syamtalira aron;01/02/2021;2;69.4;82;26.4;19576
syamtalira aron;01/03/2021;6;124.5;84;26.6;19576
syamtalira aron;01/04/2021;5;117.2;85;26.8;19576
syamtalira aron;01/05/2021;3;100.3;84;27.4;19576
syamtalira aron;01/06/2021;2;94.2;84;27.8;19576
syamtalira aron;01/07/2021;1;73.0;83;27.2;19576
syamtalira aron;01/08/2021;2;152.9;84;26.7;19576
syamtalira aron;01/09/2021;2;42.4;85;26.7;19576
syamtalira aron;01/10/2021;2;200.9;85;26.6;19576
syamtalira aron;01/11/2021;2;160.8;88;25.9;19576
syamtalira aron;01/12/2021;0;232.1;87;25.8;19576
syamtalira aron;01/01/2022;6;129.1;85;26.2;19847
syamtalira aron;01/02/2022;1;293.3;87;25.9;19847
syamtalira aron;01/03/2022;6;60.1;87;26.4;19847
syamtalira aron;01/04/2022;4;109.8;85;26.6;19847
syamtalira aron;01/05/2022;3;63.0;84;27.1;19847
syamtalira aron;01/06/2022;2;183.2;85;26.5;19847
syamtalira aron;01/07/2022;3;31.3;83;27.2;19847
syamtalira aron;01/08/2022;3;130.1;84;26.8;19847
syamtalira aron;01/09/2022;4;55.4;84;26.7;19847
syamtalira aron;01/10/2022;3;357.2;89;26.1;19847
syamtalira aron;01/11/2022;3;20.1;90;25.8;19847
syamtalira aron;01/12/2022;7;378.7;90;25.4;19847
syamtalira aron;01/01/2023;3;171.4;86;25.9;19910
syamtalira aron;01/02/2023;4;52.9;85;26.1;19910
syamtalira aron;01/03/2023;1;35.0;84;26.7;19910
syamtalira aron;01/04/2023;0;26.6;81;27.4;19910
syamtalira aron;01/05/2023;3;165.9;84;27.8;19910
syamtalira aron;01/06/2023;4;41.9;83;27.6;19910
syamtalira aron;01/07/2023;1;131.6;82;27.6;19910
syamtalira aron;01/08/2023;3;135.4;84;27.3;19910
syamtalira aron;01/09/2023;8;173.3;84;27.1;19910
syamtalira aron;01/10/2023;3;173.3;88;30.7;19910
syamtalira aron;01/11/2023;5;241.4;90;26.2;19910
syamtalira aron;01/12/2023;1;324.7;84;24.8;19910
syamtalira aron;01/01/2024;2;33.8;86;26.7;20281
syamtalira aron;01/02/2024;3;7.3;83;27.2;20281
syamtalira aron;01/03/2024;4;23.7;82;27.6;20281
syamtalira aron;01/04/2024;2;88.5;81;28.4;20281
syamtalira aron;01/05/2024;4;154.0;85;28.4;20281
syamtalira aron;01/06/2024;2;134.7;82;28.0;20281
syamtalira aron;01/07/2024;4;21.5;82;27.7;20281
syamtalira aron;01/08/2024;3;189.1;85;27.1;20281
syamtalira aron;01/09/2024;3;133.2;84;27.3;20281
syamtalira aron;01/10/2024;2;72.6;87;26.7;20281
syamtalira aron;01/11/2024;2;241.4;89;26.5;20281
syamtalira aron;01/12/2024;1;174.4;89;26.5;20281
syamtalira aron;01/01/2025;3;139.0;88;26.0;20384
syamtalira aron;01/02/2025;1;50.2;85;26.6;20384
syamtalira aron;01/03/2025;2;259.0;87;27.2;20384
syamtalira aron;01/04/2025;4;153.7;88;26.8;20384
syamtalira aron;01/05/2025;2;92.7;87;27.7;20384
syamtalira aron;01/06/2025;6;66.9;84;27.9;20384
syamtalira aron;01/07/2025;3;33.3;80;28.0;20384
syamtalira aron;01/08/2025;3;51.6;84;27.1;20384
syamtalira aron;01/09/2025;1;54.5;84;27.5;20384
syamtalira aron;01/10/2025;3;243.1;88;26.5;20384
syamtalira aron;01/11/2025;2;1099.2;92;25.7;20384
syamtalira aron;01/12/2025;1;165.5;89;26.0;20384
syamtalira bayu;01/01/2021;1;134.8;87;25.8;22671
syamtalira bayu;01/02/2021;0;69.4;82;26.4;22671
syamtalira bayu;01/03/2021;1;124.5;84;26.6;22671
syamtalira bayu;01/04/2021;1;117.2;85;26.8;22671
syamtalira bayu;01/05/2021;0;100.3;84;27.4;22671
syamtalira bayu;01/06/2021;0;94.2;84;27.8;22671
syamtalira bayu;01/07/2021;1;73.0;83;27.2;22671
syamtalira bayu;01/08/2021;1;152.9;84;26.7;22671
syamtalira bayu;01/09/2021;0;42.4;85;26.7;22671
syamtalira bayu;01/10/2021;1;200.9;85;26.6;22671
syamtalira bayu;01/11/2021;1;160.8;88;25.9;22671
syamtalira bayu;01/12/2021;2;232.1;87;25.8;22671
syamtalira bayu;01/01/2022;1;129.1;85;26.2;22996
syamtalira bayu;01/02/2022;2;293.3;87;25.9;22996
syamtalira bayu;01/03/2022;3;60.1;87;26.4;22996
syamtalira bayu;01/04/2022;0;109.8;85;26.6;22996
syamtalira bayu;01/05/2022;1;63.0;84;27.1;22996
syamtalira bayu;01/06/2022;8;183.2;85;26.5;22996
syamtalira bayu;01/07/2022;4;31.3;83;27.2;22996
syamtalira bayu;01/08/2022;6;130.1;84;26.8;22996
syamtalira bayu;01/09/2022;2;55.4;84;26.7;22996
syamtalira bayu;01/10/2022;2;357.2;89;26.1;22996
syamtalira bayu;01/11/2022;5;20.1;90;25.8;22996
syamtalira bayu;01/12/2022;6;378.7;90;25.4;22996
syamtalira bayu;01/01/2023;3;171.4;86;25.9;22941
syamtalira bayu;01/02/2023;5;52.9;85;26.1;22941
syamtalira bayu;01/03/2023;6;35.0;84;26.7;22941
syamtalira bayu;01/04/2023;4;26.6;81;27.4;22941
syamtalira bayu;01/05/2023;1;165.9;84;27.8;22941
syamtalira bayu;01/06/2023;2;41.9;83;27.6;22941
syamtalira bayu;01/07/2023;5;131.6;82;27.6;22941
syamtalira bayu;01/08/2023;2;135.4;84;27.3;22941
syamtalira bayu;01/09/2023;6;173.3;84;27.1;22941
syamtalira bayu;01/10/2023;4;173.3;88;30.7;22941
syamtalira bayu;01/11/2023;4;241.4;90;26.2;22941
syamtalira bayu;01/12/2023;2;324.7;84;24.8;22941
syamtalira bayu;01/01/2024;5;33.8;86;26.7;23527
syamtalira bayu;01/02/2024;3;7.3;83;27.2;23527
syamtalira bayu;01/03/2024;5;23.7;82;27.6;23527
syamtalira bayu;01/04/2024;6;88.5;81;28.4;23527
syamtalira bayu;01/05/2024;0;154.0;85;28.4;23527
syamtalira bayu;01/06/2024;4;134.7;82;28.0;23527
syamtalira bayu;01/07/2024;5;21.5;82;27.7;23527
syamtalira bayu;01/08/2024;9;189.1;85;27.1;23527
syamtalira bayu;01/09/2024;6;133.2;84;27.3;23527
syamtalira bayu;01/10/2024;5;72.6;87;26.7;23527
syamtalira bayu;01/11/2024;3;241.4;89;26.5;23527
syamtalira bayu;01/12/2024;4;174.4;89;26.5;23527
syamtalira bayu;01/01/2025;0;139.0;88;26.0;23775
syamtalira bayu;01/02/2025;3;50.2;85;26.6;23775
syamtalira bayu;01/03/2025;0;259.0;87;27.2;23775
syamtalira bayu;01/04/2025;3;153.7;88;26.8;23775
syamtalira bayu;01/05/2025;4;92.7;87;27.7;23775
syamtalira bayu;01/06/2025;4;66.9;84;27.9;23775
syamtalira bayu;01/07/2025;4;33.3;80;28.0;23775
syamtalira bayu;01/08/2025;5;51.6;84;27.1;23775
syamtalira bayu;01/09/2025;2;54.5;84;27.5;23775
syamtalira bayu;01/10/2025;3;243.1;88;26.5;23775
syamtalira bayu;01/11/2025;2;1099.2;92;25.7;23775
syamtalira bayu;01/12/2025;2;165.5;89;26.0;23775
T.jambo aye;01/01/2021;3;134.8;87;25.8;44578
T.jambo aye;01/02/2021;2;69.4;82;26.4;44578
T.jambo aye;01/03/2021;5;124.5;84;26.6;44578
T.jambo aye;01/04/2021;5;117.2;85;26.8;44578
T.jambo aye;01/05/2021;2;100.3;84;27.4;44578
T.jambo aye;01/06/2021;5;94.2;84;27.8;44578
T.jambo aye;01/07/2021;3;73.0;83;27.2;44578
T.jambo aye;01/08/2021;3;152.9;84;26.7;44578
T.jambo aye;01/09/2021;1;42.4;85;26.7;44578
T.jambo aye;01/10/2021;1;200.9;85;26.6;44578
T.jambo aye;01/11/2021;7;160.8;88;25.9;44578
T.jambo aye;01/12/2021;5;232.1;87;25.8;44578
T.jambo aye;01/01/2022;8;129.1;85;26.2;45022
T.jambo aye;01/02/2022;6;293.3;87;25.9;45022
T.jambo aye;01/03/2022;5;60.1;87;26.4;45022
T.jambo aye;01/04/2022;3;109.8;85;26.6;45022
T.jambo aye;01/05/2022;5;63.0;84;27.1;45022
T.jambo aye;01/06/2022;9;183.2;85;26.5;45022
T.jambo aye;01/07/2022;4;31.3;83;27.2;45022
T.jambo aye;01/08/2022;9;130.1;84;26.8;45022
T.jambo aye;01/09/2022;8;55.4;84;26.7;45022
T.jambo aye;01/10/2022;1;357.2;89;26.1;45022
T.jambo aye;01/11/2022;6;20.1;90;25.8;45022
T.jambo aye;01/12/2022;7;378.7;90;25.4;45022
T.jambo aye;01/01/2023;6;171.4;86;25.9;44929
T.jambo aye;01/02/2023;4;52.9;85;26.1;44929
T.jambo aye;01/03/2023;6;35.0;84;26.7;44929
T.jambo aye;01/04/2023;4;26.6;81;27.4;44929
T.jambo aye;01/05/2023;4;165.9;84;27.8;44929
T.jambo aye;01/06/2023;5;41.9;83;27.6;44929
T.jambo aye;01/07/2023;7;131.6;82;27.6;44929
T.jambo aye;01/08/2023;6;135.4;84;27.3;44929
T.jambo aye;01/09/2023;10;173.3;84;27.1;44929
T.jambo aye;01/10/2023;3;173.3;88;30.7;44929
T.jambo aye;01/11/2023;2;241.4;90;26.2;44929
T.jambo aye;01/12/2023;5;324.7;84;24.8;44929
T.jambo aye;01/01/2024;7;33.8;86;26.7;46031
T.jambo aye;01/02/2024;7;7.3;83;27.2;46031
T.jambo aye;01/03/2024;0;23.7;82;27.6;46031
T.jambo aye;01/04/2024;2;88.5;81;28.4;46031
T.jambo aye;01/05/2024;8;154.0;85;28.4;46031
T.jambo aye;01/06/2024;7;134.7;82;28.0;46031
T.jambo aye;01/07/2024;9;21.5;82;27.7;46031
T.jambo aye;01/08/2024;8;189.1;85;27.1;46031
T.jambo aye;01/09/2024;10;133.2;84;27.3;46031
T.jambo aye;01/10/2024;9;72.6;87;26.7;46031
T.jambo aye;01/11/2024;3;241.4;89;26.5;46031
T.jambo aye;01/12/2024;5;174.4;89;26.5;46031
T.jambo aye;01/01/2025;3;139.0;88;26.0;46622
T.jambo aye;01/02/2025;8;50.2;85;26.6;46622
T.jambo aye;01/03/2025;6;259.0;87;27.2;46622
T.jambo aye;01/04/2025;2;153.7;88;26.8;46622
T.jambo aye;01/05/2025;9;92.7;87;27.7;46622
T.jambo aye;01/06/2025;10;66.9;84;27.9;46622
T.jambo aye;01/07/2025;8;33.3;80;28.0;46622
T.jambo aye;01/08/2025;8;51.6;84;27.1;46622
T.jambo aye;01/09/2025;6;54.5;84;27.5;46622
T.jambo aye;01/10/2025;6;243.1;88;26.5;46622
T.jambo aye;01/11/2025;1;1099.2;92;25.7;46622
T.jambo aye;01/12/2025;6;165.5;89;26.0;46622
tanah luas;01/01/2021;3;134.8;87;25.8;25425
tanah luas;01/02/2021;1;69.4;82;26.4;25425
tanah luas;01/03/2021;0;124.5;84;26.6;25425
tanah luas;01/04/2021;2;117.2;85;26.8;25425
tanah luas;01/05/2021;1;100.3;84;27.4;25425
tanah luas;01/06/2021;1;94.2;84;27.8;25425
tanah luas;01/07/2021;3;73.0;83;27.2;25425
tanah luas;01/08/2021;4;152.9;84;26.7;25425
tanah luas;01/09/2021;2;42.4;85;26.7;25425
tanah luas;01/10/2021;4;200.9;85;26.6;25425
tanah luas;01/11/2021;6;160.8;88;25.9;25425
tanah luas;01/12/2021;8;232.1;87;25.8;25425
tanah luas;01/01/2022;7;129.1;85;26.2;25707
tanah luas;01/02/2022;4;293.3;87;25.9;25707
tanah luas;01/03/2022;2;60.1;87;26.4;25707
tanah luas;01/04/2022;9;109.8;85;26.6;25707
tanah luas;01/05/2022;1;63.0;84;27.1;25707
tanah luas;01/06/2022;2;183.2;85;26.5;25707
tanah luas;01/07/2022;3;31.3;83;27.2;25707
tanah luas;01/08/2022;1;130.1;84;26.8;25707
tanah luas;01/09/2022;5;55.4;84;26.7;25707
tanah luas;01/10/2022;3;357.2;89;26.1;25707
tanah luas;01/11/2022;1;20.1;90;25.8;25707
tanah luas;01/12/2022;6;378.7;90;25.4;25707
tanah luas;01/01/2023;2;171.4;86;25.9;26380
tanah luas;01/02/2023;3;52.9;85;26.1;26380
tanah luas;01/03/2023;3;35.0;84;26.7;26380
tanah luas;01/04/2023;2;26.6;81;27.4;26380
tanah luas;01/05/2023;6;165.9;84;27.8;26380
tanah luas;01/06/2023;3;41.9;83;27.6;26380
tanah luas;01/07/2023;8;131.6;82;27.6;26380
tanah luas;01/08/2023;2;135.4;84;27.3;26380
tanah luas;01/09/2023;1;173.3;84;27.1;26380
tanah luas;01/10/2023;3;173.3;88;30.7;26380
tanah luas;01/11/2023;3;241.4;90;26.2;26380
tanah luas;01/12/2023;4;324.7;84;24.8;26380
tanah luas;01/01/2024;3;33.8;86;26.7;27087
tanah luas;01/02/2024;4;7.3;83;27.2;27087
tanah luas;01/03/2024;4;23.7;82;27.6;27087
tanah luas;01/04/2024;0;88.5;81;28.4;27087
tanah luas;01/05/2024;1;154.0;85;28.4;27087
tanah luas;01/06/2024;2;134.7;82;28.0;27087
tanah luas;01/07/2024;1;21.5;82;27.7;27087
tanah luas;01/08/2024;3;189.1;85;27.1;27087
tanah luas;01/09/2024;5;133.2;84;27.3;27087
tanah luas;01/10/2024;5;72.6;87;26.7;27087
tanah luas;01/11/2024;2;241.4;89;26.5;27087
tanah luas;01/12/2024;7;174.4;89;26.5;27087
tanah luas;01/01/2025;4;139.0;88;26.0;27399
tanah luas;01/02/2025;0;50.2;85;26.6;27399
tanah luas;01/03/2025;3;259.0;87;27.2;27399
tanah luas;01/04/2025;5;153.7;88;26.8;27399
tanah luas;01/05/2025;7;92.7;87;27.7;27399
tanah luas;01/06/2025;2;66.9;84;27.9;27399
tanah luas;01/07/2025;7;33.3;80;28.0;27399
tanah luas;01/08/2025;7;51.6;84;27.1;27399
tanah luas;01/09/2025;1;54.5;84;27.5;27399
tanah luas;01/10/2025;2;243.1;88;26.5;27399
tanah luas;01/11/2025;3;1099.2;92;25.7;27399
tanah luas;01/12/2025;3;165.5;89;26.0;27399
tanah pasir;01/01/2021;2;134.8;87;25.8;10110
tanah pasir;01/02/2021;0;69.4;82;26.4;10110
tanah pasir;01/03/2021;3;124.5;84;26.6;10110
tanah pasir;01/04/2021;0;117.2;85;26.8;10110
tanah pasir;01/05/2021;2;100.3;84;27.4;10110
tanah pasir;01/06/2021;0;94.2;84;27.8;10110
tanah pasir;01/07/2021;3;73.0;83;27.2;10110
tanah pasir;01/08/2021;1;152.9;84;26.7;10110
tanah pasir;01/09/2021;0;42.4;85;26.7;10110
tanah pasir;01/10/2021;1;200.9;85;26.6;10110
tanah pasir;01/11/2021;0;160.8;88;25.9;10110
tanah pasir;01/12/2021;1;232.1;87;25.8;10110
tanah pasir;01/01/2022;0;129.1;85;26.2;10263
tanah pasir;01/02/2022;2;293.3;87;25.9;10263
tanah pasir;01/03/2022;3;60.1;87;26.4;10263
tanah pasir;01/04/2022;0;109.8;85;26.6;10263
tanah pasir;01/05/2022;0;63.0;84;27.1;10263
tanah pasir;01/06/2022;3;183.2;85;26.5;10263
tanah pasir;01/07/2022;0;31.3;83;27.2;10263
tanah pasir;01/08/2022;0;130.1;84;26.8;10263
tanah pasir;01/09/2022;3;55.4;84;26.7;10263
tanah pasir;01/10/2022;1;357.2;89;26.1;10263
tanah pasir;01/11/2022;1;20.1;90;25.8;10263
tanah pasir;01/12/2022;2;378.7;90;25.4;10263
tanah pasir;01/01/2023;1;171.4;86;25.9;10136
tanah pasir;01/02/2023;1;52.9;85;26.1;10136
tanah pasir;01/03/2023;1;35.0;84;26.7;10136
tanah pasir;01/04/2023;0;26.6;81;27.4;10136
tanah pasir;01/05/2023;1;165.9;84;27.8;10136
tanah pasir;01/06/2023;1;41.9;83;27.6;10136
tanah pasir;01/07/2023;1;131.6;82;27.6;10136
tanah pasir;01/08/2023;1;135.4;84;27.3;10136
tanah pasir;01/09/2023;2;173.3;84;27.1;10136
tanah pasir;01/10/2023;0;173.3;88;30.7;10136
tanah pasir;01/11/2023;1;241.4;90;26.2;10136
tanah pasir;01/12/2023;0;324.7;84;24.8;10136
tanah pasir;01/01/2024;3;33.8;86;26.7;10408
tanah pasir;01/02/2024;2;7.3;83;27.2;10408
tanah pasir;01/03/2024;1;23.7;82;27.6;10408
tanah pasir;01/04/2024;2;88.5;81;28.4;10408
tanah pasir;01/05/2024;2;154.0;85;28.4;10408
tanah pasir;01/06/2024;1;134.7;82;28.0;10408
tanah pasir;01/07/2024;3;21.5;82;27.7;10408
tanah pasir;01/08/2024;0;189.1;85;27.1;10408
tanah pasir;01/09/2024;0;133.2;84;27.3;10408
tanah pasir;01/10/2024;1;72.6;87;26.7;10408
tanah pasir;01/11/2024;4;241.4;89;26.5;10408
tanah pasir;01/12/2024;0;174.4;89;26.5;10408
tanah pasir;01/01/2025;4;139.0;88;26.0;10542
tanah pasir;01/02/2025;1;50.2;85;26.6;10542
tanah pasir;01/03/2025;2;259.0;87;27.2;10542
tanah pasir;01/04/2025;3;153.7;88;26.8;10542
tanah pasir;01/05/2025;1;92.7;87;27.7;10542
tanah pasir;01/06/2025;1;66.9;84;27.9;10542
tanah pasir;01/07/2025;4;33.3;80;28.0;10542
tanah pasir;01/08/2025;1;51.6;84;27.1;10542
tanah pasir;01/09/2025;4;54.5;84;27.5;10542
tanah pasir;01/10/2025;0;243.1;88;26.5;10542
tanah pasir;01/11/2025;1;1099.2;92;25.7;10542
tanah pasir;01/12/2025;1;165.5;89;26.0;10542
